sort2,sort1,species,individual,individual,site,age,date,year,segment,node_below,node_above,plant_status,stem_weight,leaf_weight,root_weight,diameter_1,diameter_2,diameter_3,diameter_ave,total_stem_weight,total_leaf_weight,total_plant_weight,height,notes
,1,BAER,151,BAER_151,Waratah2011,3,14-Jun-13,2013,1,0,1,alive,,,,454,448,452,451.3333333,,,,512,
,103,BAER,151,BAER_151,Waratah2011,3,31-Jul-14,2014,1,0,1,alive,3.4034,2.2653,,652,652,639,,,,,671,
,,BAER,151,BAER_151,Waratah2011,3,14-Jun-13,2013,2,1,2,alive,,,,222,,,,,,,,
,,BAER,151,BAER_151,Waratah2011,3,31-Jul-14,2014,2,1,2,alive,2.5494,2.7786,,392,,,,,,,,
,,BAER,151,BAER_151,Waratah2011,3,31-Jul-14,2014,3,2,3,alive,0.1591,0.5395,,151,,,,,,,,
,2,BAER,152,BAER_152,Waratah2011,3,14-Jun-13,2013,1,0,1,alive,,,,454,447,444,448.3333333,,,,350,
,104,BAER,152,BAER_152,Waratah2011,3,31-Jul-14,2014,1,0,1,alive,3.88,4.95,,768,760,775,,,,,505,
,,BAER,152,BAER_152,Waratah2011,3,14-Jun-13,2013,2,1,2,alive,,,,327,,,,,,,,
,,BAER,152,BAER_152,Waratah2011,3,31-Jul-14,2014,2,1,2,alive,1.38,1.7718,,480,,,,,,,,
,,BAER,152,BAER_152,Waratah2011,3,14-Jun-13,2013,3,2,3,alive,,,,194,,,,,,,,
,,BAER,152,BAER_152,Waratah2011,3,31-Jul-14,2014,3,2,3,alive,1.4699,2.3506,,414,,,,,,,,
,,BAER,152,BAER_152,Waratah2011,3,31-Jul-14,2014,4,3,4,alive,0.1501,0.5923,,146,,,,,,,,
,3,BAER,153,BAER_153,Waratah2011,3,14-Jun-13,2013,1,0,1,alive,,,,734,745,729,736,,,,870,
,105,BAER,153,BAER_153,Waratah2011,3,31-Jul-14,2014,1,0,1,alive,25.01,16.41,,1220,1232,1225,,,,,1375,
,,BAER,153,BAER_153,Waratah2011,3,14-Jun-13,2013,2,1,2,alive,,,,369,,,,,,,,
,,BAER,153,BAER_153,Waratah2011,3,31-Jul-14,2014,2,1,2,alive,2.33,5.1,,735,,,,,,,,
,,BAER,153,BAER_153,Waratah2011,3,31-Jul-14,2014,3,2,3,alive,0.9187,1.7399,,270,,,,,,,,
,,BAER,153,BAER_153,Waratah2011,3,31-Jul-14,2014,4,3,4,alive,0.0383,0.1938,,101,,,,,,,,
,4,BAER,154,BAER_154,Waratah2011,3,14-Jun-13,2013,1,0,1,alive,,,,640,630,630,633.3333333,,,,535,
,106,BAER,154,BAER_154,Waratah2011,3,31-Jul-14,2014,1,0,1,alive,8.25,7.5198,,998,1023,1058,,,,,865,
,,BAER,154,BAER_154,Waratah2011,3,14-Jun-13,2013,2,1,2,alive,,,,313,,,,,,,,
,,BAER,154,BAER_154,Waratah2011,3,31-Jul-14,2014,2,1,2,alive,7.67,13.68,,685,,,,,,,,
,,BAER,154,BAER_154,Waratah2011,3,14-Jun-13,2013,3,2,3,alive,,,,102,,,,,,,,
,,BAER,154,BAER_154,Waratah2011,3,31-Jul-14,2014,3,2,3,alive,0.2853,0.5258,,281,,,,,,,,
,,BAER,154,BAER_154,Waratah2011,3,31-Jul-14,2014,4,3,4,alive,0.6915,1.8319,,259,,,,,,,,
,5,BAER,155,BAER_155,Waratah2011,3,14-Jun-13,2013,1,0,1,alive,,,,553,544,529,542,,,,575,
,107,BAER,155,BAER_155,Waratah2011,3,31-Jul-14,2014,1,0,1,alive,8.92,5.19,,754,752,763,,,,,848,
,,BAER,155,BAER_155,Waratah2011,3,14-Jun-13,2013,2,1,2,alive,,,,182,,,,,,,,
,,BAER,155,BAER_155,Waratah2011,3,31-Jul-14,2014,2,1,2,alive,2.55,4.184,,456,,,,,,,,
,,BAER,155,BAER_155,Waratah2011,3,31-Jul-14,2014,3,2,3,alive,0.3486,1.0019,,210,,,,,,,,
,,BAER,155,BAER_155,Waratah2011,3,31-Jul-14,2014,4,3,4,alive,0.0541,0.2801,,100,,,,,,,,
,6,BAER,156,BAER_156,Waratah2011,3,14-Jun-13,2013,1,0,1,alive,,,,473,454,472,466.3333333,,,,545,
,108,BAER,156,BAER_156,Waratah2011,3,31-Jul-14,2014,1,0,1,alive,6.79,4.2626,,852,862,841,,,,,748,
,,BAER,156,BAER_156,Waratah2011,3,14-Jun-13,2013,2,1,2,alive,,,,258,,,,,,,,
,,BAER,156,BAER_156,Waratah2011,3,31-Jul-14,2014,2,1,2,alive,4.91,5.4364,,533,,,,,,,,
,,BAER,156,BAER_156,Waratah2011,3,14-Jun-13,2013,3,2,3,alive,,,,84,,,,,,,,
,,BAER,156,BAER_156,Waratah2011,3,31-Jul-14,2014,3,2,3,alive,0.9168,1.9579,,312,,,,,,,,
,,BAER,156,BAER_156,Waratah2011,3,31-Jul-14,2014,4,3,4,alive,0.2412,0.6961,,196,,,,,,,,
,,BAER,156,BAER_156,Waratah2011,3,31-Jul-14,2014,5,4,5,alive,0.038,0.1922,,86,,,,,,,,
,7,BAER,157,BAER_157,Waratah2011,3,18-Jun-13,2013,1,0,1,alive,,,,610,607,602,606.3333333,,,,365,
,109,BAER,157,BAER_157,Waratah2011,3,31-Jul-14,2014,1,0,1,alive,4.5271,4.1894,,972,987,1033,,,,,465,
,,BAER,157,BAER_157,Waratah2011,3,18-Jun-13,2013,2,1,2,alive,,,,396,,,,,,,,
,,BAER,157,BAER_157,Waratah2011,3,31-Jul-14,2014,2,1,2,alive,7.45,8.81,,739,,,,,,,,
,,BAER,157,BAER_157,Waratah2011,3,18-Jun-13,2013,3,2,3,alive,,,,181,,,,,,,,
,,BAER,157,BAER_157,Waratah2011,3,31-Jul-14,2014,3,2,3,alive,1.3531,1.8933,,353,,,,,,,,
,,BAER,157,BAER_157,Waratah2011,3,31-Jul-14,2014,4,3,4,alive,0.1006,0.3899,,123,,,,,,,,
,8,BOLE,151,BOLE_151,Waratah2011,3,14-Jun-13,2013,1,0,1,alive,,,,294,287,287,289.3333333,,,,370,
,110,BOLE,151,BOLE_151,Waratah2011,3,30-Jul-14,2014,1,0,1,alive,2.25,0.1993,,526,528,523,,,,,745,
,,BOLE,151,BOLE_151,Waratah2011,3,14-Jun-13,2013,2,1,2,alive,,,,163,,,,,,,,
,,BOLE,151,BOLE_151,Waratah2011,3,30-Jul-14,2014,2,1,2,alive,2.92,3.2444,,349,,,,,,,,
,,BOLE,151,BOLE_151,Waratah2011,3,30-Jul-14,2014,3,2,3,alive,0.8162,0.9635,,238,,,,,,,,
,,BOLE,151,BOLE_151,Waratah2011,3,30-Jul-14,2014,4,3,4,alive,0.2507,0.3911,,128,,,,,,,,
,9,BOLE,152,BOLE_152,Waratah2011,3,14-Jun-13,2013,1,0,1,alive,,,,244,242,239,241.6666667,,,,350,
,111,BOLE,152,BOLE_152,Waratah2011,3,30-Jul-14,2014,1,0,1,alive,1.4481,0,,468,455,451,,,,,608,
,,BOLE,152,BOLE_152,Waratah2011,3,14-Jun-13,2013,2,1,2,alive,,,,162,,,,,,,,
,,BOLE,152,BOLE_152,Waratah2011,3,30-Jul-14,2014,2,1,2,alive,1.72,1.4839,,332,,,,,,,,
,,BOLE,152,BOLE_152,Waratah2011,3,30-Jul-14,2014,3,2,3,alive,0.8607,1.0919,,123,,,,,,,,
,10,BOLE,153,BOLE_153,Waratah2011,3,14-Jun-13,2013,1,0,1,alive,,,,389,410,413,404,,,,405,
,112,BOLE,153,BOLE_153,Waratah2011,3,30-Jul-14,2014,1,0,1,alive,1.7351,1.7503,,666,658,654,,,,,722,
,,BOLE,153,BOLE_153,Waratah2011,3,14-Jun-13,2013,2,1,2,alive,,,,341,,,,,,,,
,,BOLE,153,BOLE_153,Waratah2011,3,30-Jul-14,2014,2,1,2,alive,3.28,1.7263,,496,,,,,,,,
,,BOLE,153,BOLE_153,Waratah2011,3,30-Jul-14,2014,3,2,3,alive,2.3909,2.1063,,314,,,,,,,,
,,BOLE,153,BOLE_153,Waratah2011,3,30-Jul-14,2014,4,3,4,alive,0.3241,0.4161,,178,,,,,,,,
,11,BOLE,154,BOLE_154,Waratah2011,3,14-Jun-13,2013,1,0,1,alive,,,,453,463,462,459.3333333,,,,440,
,113,BOLE,154,BOLE_154,Waratah2011,3,31-Jul-14,2014,1,0,1,alive,9.78,7.6,,652,671,687,,,,,640,
,,BOLE,154,BOLE_154,Waratah2011,3,14-Jun-13,2013,2,1,2,alive,,,,237,,,,,,,,
,,BOLE,154,BOLE_154,Waratah2011,3,31-Jul-14,2014,2,1,2,alive,3.03,2.5,,394,,,,,,,,
,,BOLE,154,BOLE_154,Waratah2011,3,31-Jul-14,2014,3,2,3,alive,2.3909,2.1063,,213,,,,,,,,
,,BOLE,154,BOLE_154,Waratah2011,3,31-Jul-14,2014,4,3,4,alive,0.1509,0.2448,,130,,,,,,,,
,12,BOLE,155,BOLE_155,Waratah2011,3,14-Jun-13,2013,1,0,1,alive,,,,249,263,245,252.3333333,,,,328,
,114,BOLE,155,BOLE_155,Waratah2011,3,30-Jul-14,2014,1,0,1,alive,2.82,1.564,,421,414,419,,,,,565,
,,BOLE,155,BOLE_155,Waratah2011,3,30-Jul-14,2014,2,1,2,alive,0.5271,0.7485,,203,,,,,,,,
,13,BOLE,156,BOLE_156,Waratah2011,3,14-Jun-13,2013,1,0,1,alive,,,,225,216,212,217.6666667,,,,315,
,,BOLE,155,BOLE_155,Waratah2011,3,30-Jul-14,2014,3,2,3,alive,0.0982,0.1825,,107,,,,,,,,
,115,BOLE,156,BOLE_156,Waratah2011,3,31-Jul-14,2014,1,0,1,alive,1.83,0.6879,,369,358,364,,,,,495,
,,BOLE,156,BOLE_156,Waratah2011,3,31-Jul-14,2014,2,1,2,alive,0.5023,0.5672,,174,,,,,,,,
,,BOLE,156,BOLE_156,Waratah2011,3,31-Jul-14,2014,3,2,3,alive,0.1139,0.1422,,119,,,,,,,,
,14,BOLE,157,BOLE_157,Waratah2011,3,14-Jun-13,2013,1,0,1,alive,,,,405,392,400,399,,,,430,
,116,BOLE,157,BOLE_157,Waratah2011,3,31-Jul-14,2014,1,0,1,alive,5.37,2.9918,,542,553,544,,,,,688,
,,BOLE,157,BOLE_157,Waratah2011,3,14-Jun-13,2013,2,1,2,alive,,,,146,,,,,,,,
,,BOLE,157,BOLE_157,Waratah2011,3,31-Jul-14,2014,2,1,2,alive,1.2647,1.071,,287,,,,,,,,
,,BOLE,157,BOLE_157,Waratah2011,3,31-Jul-14,2014,3,2,3,alive,0.706,0.7431,,217,,,,,,,,
,,BOLE,157,BOLE_157,Waratah2011,3,31-Jul-14,2014,4,3,4,alive,0.1035,0.1586,,94,,,,,,,,
,15,COER,152,COER_152,Waratah2011,3,14-Jun-13,2013,1,0,1,alive,,,,181,172,183,178.6666667,,,,146,
,117,COER,152,COER_152,Waratah2011,3,31-Jul-14,2014,1,0,1,alive,1.2661,0.3543,,447,455,460,,,,,760,
,,COER,152,COER_152,Waratah2011,3,31-Jul-14,2014,2,1,2,alive,1.2116,0.7134,,334,351,,,,,,,
,,COER,152,COER_152,Waratah2011,3,31-Jul-14,2014,3,2,3,alive,1.1836,1.0281,,271,274,,,,,,,
,16,COER,153,COER_153,Waratah2011,3,14-Jun-13,2013,1,0,1,alive,,,,96,107,100,101,,,,30,
,118,COER,153,COER_153,Waratah2011,3,31-Jul-14,2014,1,0,1,alive,0.0489,0.0775,,193,204,188,,,,,137,
,,COER,153,COER_153,Waratah2011,3,31-Jul-14,2014,2,1,2,alive,0.0209,0.0569,,118,115,,,,,,,
,,COER,153,COER_153,Waratah2011,3,31-Jul-14,2014,3,2,3,alive,0.0454,0.1826,,102,,,,,,,,
,17,COER,154,COER_154,Waratah2011,3,14-Jun-13,2013,1,0,1,alive,,,,98,89,111,99.33333333,,,,37,
,119,COER,154,COER_154,Waratah2011,3,31-Jul-14,2014,1,0,1,alive,0.0597,0.077,,183,190,175,,,,,162,
,,COER,154,COER_154,Waratah2011,3,31-Jul-14,2014,2,1,2,alive,0.0271,0.0726,,125,156,,,,,,,
,,COER,154,COER_154,Waratah2011,3,31-Jul-14,2014,3,2,3,alive,0.061,0.2166,,89,92,,,,,,,
,18,COER,156,COER_156,Waratah2011,3,14-Jun-13,2013,1,0,1,alive,,,,140,127,129,132,,,,138,
,120,COER,156,COER_156,Waratah2011,3,31-Jul-14,2014,1,0,1,alive,0.4221,0.2744,,216,216,256,,,,,332,
,,COER,156,COER_156,Waratah2011,3,31-Jul-14,2014,2,1,2,alive,0.1717,0.3073,,160,,,,,,,,
,,COER,156,COER_156,Waratah2011,3,31-Jul-14,2014,3,2,3,alive,0.0645,0.1603,,109,,,,,,,,
,19,COER,157,COER_157,Waratah2011,3,14-Jun-13,2013,1,0,1,alive,,,,142,146,156,148,,,,135,
,121,COER,157,COER_157,Waratah2011,3,31-Jul-14,2014,1,0,1,alive,0.3518,0.3043,,226,243,226,,,,,315,
,,COER,157,COER_157,Waratah2011,3,31-Jul-14,2014,2,1,2,alive,0.05,0.032,,165,,,,,,,,
,,COER,157,COER_157,Waratah2011,3,31-Jul-14,2014,3,2,3,alive,0.1698,0.3875,,152,,,,,,,,
,20,COER,158,COER_158,Waratah2011,3,14-Jun-13,2013,1,0,1,alive,,,,124,114,125,121,,,,83,
,122,COER,158,COER_158,Waratah2011,3,31-Jul-14,2014,1,0,1,alive,0.1719,0.1067,,198,201,197,,,,,307,
,,COER,158,COER_158,Waratah2011,3,31-Jul-14,2014,2,1,2,alive,0.0542,0.0935,,154,,,,,,,,
,,COER,158,COER_158,Waratah2011,3,31-Jul-14,2014,3,2,3,alive,0.1747,0.277,,133,,,,,,,,
,21,COER,159,COER_159,Waratah2011,3,14-Jun-13,2013,1,0,1,alive,,,,101,93,86,93.33333333,,,,70,
,123,COER,159,COER_159,Waratah2011,3,31-Jul-14,2014,1,0,1,alive,0.1108,0.1231,,171,156,168,,,,,265,
,,COER,159,COER_159,Waratah2011,3,31-Jul-14,2014,2,1,2,alive,0.1393,0.2725,,123,122,,,,,,,
,22,COER,159b,COER_159b,Waratah2011,3,18-Jun-13,2013,1,0,1,alive,,,,111,110,115,112,,,,135,
,124,COER,159b,COER_159b,Waratah2011,3,30-Jul-14,2014,1,0,1,alive,0.2243,0.1484,,160,166,,,,,,218,
,,COER,159b,COER_159b,Waratah2011,3,30-Jul-14,2014,2,1,2,alive,0.0552,0.1425,,105,,,,,,,,
,23,EPMI,151,EPMI_151,Waratah2011,3,14-Jun-13,2013,1,0,1,alive,,,,108,102,95,101.6666667,,,,136,
,125,EPMI,151,EPMI_151,Waratah2011,3,31-Jul-14,2014,1,0,1,alive,0.1248,0.0862,,174,157,167,,,,,245,
,,EPMI,151,EPMI_151,Waratah2011,3,14-Jun-13,2013,2,1,2,alive,,,,80,,,,,,,,
,,EPMI,151,EPMI_151,Waratah2011,3,31-Jul-14,2014,2,1,2,alive,0.0951,0.0698,,126,,,,,,,,
,,EPMI,151,EPMI_151,Waratah2011,3,31-Jul-14,2014,3,2,3,alive,0.023,0.0306,,90,,,,,,,,
,,EPMI,151,EPMI_151,Waratah2011,3,31-Jul-14,2014,4,3,4,alive,0.029,0.0407,,76,,,,,,,,
,24,EPMI,152,EPMI_152,Waratah2011,3,14-Jun-13,2013,1,0,1,alive,,,,143,150,152,148.3333333,,,,148,
,126,EPMI,152,EPMI_152,Waratah2011,3,31-Jul-14,2014,1,0,1,alive,0.3737,0.2443,,194,201,200,,,,,240,
,,EPMI,152,EPMI_152,Waratah2011,3,14-Jun-13,2013,2,1,2,alive,,,,121,,,,,,,,
,,EPMI,152,EPMI_152,Waratah2011,3,31-Jul-14,2014,2,1,2,alive,0.055,0.0378,,143,,,,,,,,
,,EPMI,152,EPMI_152,Waratah2011,3,31-Jul-14,2014,3,2,3,alive,0.1029,0.128,,105,,,,,,,,
,25,EPMI,153,EPMI_153,Waratah2011,3,14-Jun-13,2013,1,0,1,alive,,,,78,72,72,74,,,,141,
,127,EPMI,153,EPMI_153,Waratah2011,3,31-Jul-14,2014,1,0,1,alive,0.1889,0.2285,,138,154,148,,,,,272,
,,EPMI,153,EPMI_153,Waratah2011,3,31-Jul-14,2014,2,1,2,alive,0.0264,0.0385,,82,,,,,,,,
,,EPMI,153,EPMI_153,Waratah2011,3,31-Jul-14,2014,3,2,3,alive,0.0438,0.0917,,79,,,,,,,,
,26,EPMI,154,EPMI_154,Waratah2011,3,14-Jun-13,2013,1,0,1,alive,,,,154,143,148,148.3333333,,,,165,
,128,EPMI,154,EPMI_154,Waratah2011,3,31-Jul-14,2014,1,0,1,alive,0.1408,0.0646,,194,182,186,,,,,245,
,,EPMI,154,EPMI_154,Waratah2011,3,14-Jun-13,2013,2,1,2,alive,,,,93,,,,,,,,
,,EPMI,154,EPMI_154,Waratah2011,3,31-Jul-14,2014,2,1,2,alive,0.1649,0.0633,,145,,,,,,,,
,,EPMI,154,EPMI_154,Waratah2011,3,14-Jun-13,2013,3,2,3,alive,,,,45,,,,,,,,
,,EPMI,154,EPMI_154,Waratah2011,3,31-Jul-14,2014,3,2,3,alive,0.0286,0.0386,,72,,,,,,,,
,,EPMI,154,EPMI_154,Waratah2011,3,31-Jul-14,2014,4,3,4,alive,0.0052,0.0138,,60,,,,,,,,
,27,EPMI,155,EPMI_155,Waratah2011,3,14-Jun-13,2013,1,0,1,alive,,,,146,136,148,143.3333333,,,,298,
,129,EPMI,155,EPMI_155,Waratah2011,3,31-Jul-14,2014,1,0,1,alive,0.6103,0.1778,,190,178,184,,,,,545,
,,EPMI,155,EPMI_155,Waratah2011,3,31-Jul-14,2014,2,1,2,alive,0.1197,0.1209,,163,,,,,,,,
,,EPMI,155,EPMI_155,Waratah2011,3,31-Jul-14,2014,3,2,3,alive,0.1753,0.1588,,138,,,,,,,,
,28,EPMI,156,EPMI_156,Waratah2011,3,18-Jun-13,2013,1,0,1,alive,,,,89,82,93,88,,,,183,
,130,EPMI,156,EPMI_156,Waratah2011,3,30-Jul-14,2014,1,0,1,alive,0.1684,0.1136,,148,132,147,,,,,186,
,,EPMI,156,EPMI_156,Waratah2011,3,30-Jul-14,2014,2,1,2,alive,0.0056,0.0148,,74,,,,,,,,
,,EPMI,156,EPMI_156,Waratah2011,3,30-Jul-14,2014,1.2,1,9,alive,0.0463,0.0828,,59,,,,,,,,
,29,EPMI,157,EPMI_157,Waratah2011,3,18-Jun-13,2013,1,0,1,alive,,,,185,189,181,185,,,,313,
,131,EPMI,157,EPMI_157,Waratah2011,3,31-Jul-14,2014,1,0,1,alive,0.7684,0.3537,,231,225,221,,,,,423,
,,EPMI,157,EPMI_157,Waratah2011,3,18-Jun-13,2013,2,1,2,alive,,,,51,,,,,,,,
,,EPMI,157,EPMI_157,Waratah2011,3,31-Jul-14,2014,2,1,2,alive,1.5,0.1338,,133,,,,,,,,
,,EPMI,157,EPMI_157,Waratah2011,3,31-Jul-14,2014,3,2,3,alive,0.866,0.0996,,95,,,,,,,,
,30,GRBU,103,GRBU_103,Waratah2011,3,13-Jun-13,2013,1,0,1,alive,,,,,,,,,,,,
,132,GRBU,103,GRBU_103,Waratah2011,3,,2014,1,0,1,alive,,,,,,,,,,,,
,31,GRBU,105,GRBU_105,Waratah2011,3,13-Jun-13,2013,1,0,1,alive,,,,,,,,,,,,
,133,GRBU,105,GRBU_105,Waratah2011,3,,2014,1,0,1,alive,,,,,,,,,,,,
,32,GRBU,107,GRBU_107,Waratah2011,3,13-Jun-13,2013,1,0,1,alive,,,,,,,,,,,,
,134,GRBU,107,GRBU_107,Waratah2011,3,,2014,1,0,1,alive,,,,,,,,,,,,
,33,GRBU,151,GRBU_151,Waratah2011,3,18-Jun-13,2013,1,0,1,alive,,,,519,511,513,514.3333333,,,,305,
,135,GRBU,151,GRBU_151,Waratah2011,3,30-Jul-14,2014,1,0,1,alive,5.26,5.97,,803,802,795,,,,,400,
,,GRBU,151,GRBU_151,Waratah2011,3,18-Jun-13,2013,2,1,2,alive,,,,442,,,,,,,,
,,GRBU,151,GRBU_151,Waratah2011,3,30-Jul-14,2014,2,1,2,alive,4.83,7.84,,595,,,,,,,,
,,GRBU,151,GRBU_151,Waratah2011,3,18-Jun-13,2013,3,2,3,alive,,,,223,,,,,,,,
,,GRBU,151,GRBU_151,Waratah2011,3,30-Jul-14,2014,3,2,3,alive,0.8584,1.6099,,329,,,,,,,,
,,GRBU,151,GRBU_151,Waratah2011,3,30-Jul-14,2014,4,3,4,alive,0.0148,0.0712,,75,,,,,,,,
,34,GRBU,152,GRBU_152,Waratah2011,3,18-Jun-13,2013,1,0,1,alive,,,,443,420,417,426.6666667,,,,518,
,136,GRBU,152,GRBU_152,Waratah2011,3,30-Jul-14,2014,1,0,1,alive,9.81,6.75,,710,772,732,,,,,785,
,,GRBU,152,GRBU_152,Waratah2011,3,18-Jun-13,2013,2,1,2,alive,,,,288,,,,,,,,
,,GRBU,152,GRBU_152,Waratah2011,3,30-Jul-14,2014,2,1,2,alive,8.05,7.51,,702,,,,,,,,
,,GRBU,152,GRBU_152,Waratah2011,3,30-Jul-14,2014,3,2,3,alive,1.0388,1.4219,,293,,,,,,,,
,,GRBU,152,GRBU_152,Waratah2011,3,30-Jul-14,2014,4,3,4,alive,0.0909,0.1735,,103,,,,,,,,
,35,GRBU,153,GRBU_153,Waratah2011,3,18-Jun-13,2013,1,0,1,alive,,,,601,630,629,620,,,,618,
,137,GRBU,153,GRBU_153,Waratah2011,3,30-Jul-14,2014,1,0,1,alive,16.81,14.08,,971,962,964,,,,,870,
,,GRBU,153,GRBU_153,Waratah2011,3,18-Jun-13,2013,2,1,2,alive,,,,446,,,,,,,,
,,GRBU,153,GRBU_153,Waratah2011,3,30-Jul-14,2014,2,1,2,alive,10.76,7.78,,598,,,,,,,,
,,GRBU,153,GRBU_153,Waratah2011,3,18-Jun-13,2013,3,2,3,alive,,,,228,,,,,,,,
,,GRBU,153,GRBU_153,Waratah2011,3,30-Jul-14,2014,3,2,3,alive,4.1793,3.2409,,539,,,,,,,,
,,GRBU,153,GRBU_153,Waratah2011,3,30-Jul-14,2014,4,3,4,alive,1.8132,1.848,,360,,,,,,,,
,,GRBU,153,GRBU_153,Waratah2011,3,30-Jul-14,2014,5,4,5,alive,0.1975,0.322,,144,,,,,,,,
,36,GRBU,156,GRBU_156,Waratah2011,3,18-Jun-13,2013,1,0,1,alive,,,,334,344,328,335.3333333,,,,380,
,138,GRBU,156,GRBU_156,Waratah2011,3,30-Jul-14,2014,1,0,1,alive,4.23,5.71,,489,485,483,,,,,370,
,,GRBU,156,GRBU_156,Waratah2011,3,18-Jun-13,2013,2,1,2,alive,,,,153,,,,,,,,
,,GRBU,156,GRBU_156,Waratah2011,3,30-Jul-14,2014,2,1,2,alive,0.8068,0.9837,,293,,,,,,,,
,,GRBU,156,GRBU_156,Waratah2011,3,30-Jul-14,2014,3,2,3,alive,0.2441,1.0531,,192,,,,,,,,
,37,GRBU,157,GRBU_157,Waratah2011,3,18-Jun-13,2013,1,0,1,alive,,,,569,555,550,558,,,,465,
,139,GRBU,157,GRBU_157,Waratah2011,3,30-Jul-14,2014,1,0,1,alive,26.98,28.9,,1032,1002,985,,,,,725,
,,GRBU,157,GRBU_157,Waratah2011,3,18-Jun-13,2013,2,1,2,alive,,,,346,,,,,,,,
,,GRBU,157,GRBU_157,Waratah2011,3,30-Jul-14,2014,2,1,2,alive,7.07,5.3153,,631,,,,,,,,
,,GRBU,157,GRBU_157,Waratah2011,3,18-Jun-13,2013,3,2,3,alive,,,,121,,,,,,,,
,,GRBU,157,GRBU_157,Waratah2011,3,30-Jul-14,2014,3,2,3,alive,1.7417,2.084,,372,,,,,,,,
,,GRBU,157,GRBU_157,Waratah2011,3,30-Jul-14,2014,4,3,4,alive,0.8775,1.7557,,274,,,,,,,,
,,GRBU,157,GRBU_157,Waratah2011,3,30-Jul-14,2014,5,4,5,alive,0.188,0.5312,,138,,,,,,,,
,38,GRSP,151,GRSP_151,Waratah2011,3,14-Jun-13,2013,1,0,1,alive,,,,291,276,277,281.3333333,,,,302,
,140,GRSP,151,GRSP_151,Waratah2011,3,31-Jul-14,2014,1,0,1,alive,3.66,3.29,,504,476,495,,,,,554,
,,GRSP,151,GRSP_151,Waratah2011,3,14-Jun-13,2013,2,1,2,alive,,,,162,,,,,,,,
,,GRSP,151,GRSP_151,Waratah2011,3,31-Jul-14,2014,2,1,2,alive,2.9851,3.3043,,375,,,,,,,,
,,GRSP,151,GRSP_151,Waratah2011,3,14-Jun-13,2013,3,2,3,alive,,,,78,,,,,,,,
,,GRSP,151,GRSP_151,Waratah2011,3,31-Jul-14,2014,3,2,3,alive,0.8625,1.2822,,215,,,,,,,,
,,GRSP,151,GRSP_151,Waratah2011,3,14-Jun-13,2013,1.1.2,2,13,alive,,,,105,,,,,,,,
,,GRSP,151,GRSP_151,Waratah2011,3,31-Jul-14,2014,1.1.2,2,13,alive,0.152,0.098,,219,,,,,,,,
,,GRSP,151,GRSP_151,Waratah2011,3,31-Jul-14,2014,1.1.2.1,13,14,alive,0.3077,0.4689,,175,,,,,,,,
,,GRSP,151,GRSP_151,Waratah2011,3,31-Jul-14,2014,1.1.2.1.1,14,17,alive,0.2084,0.2164,,135,,,,,,,,
,39,GRSP,152,GRSP_152,Waratah2011,3,14-Jun-13,2013,1,0,1,alive,,,,393,391,391,391.6666667,,,,620,
,141,GRSP,152,GRSP_152,Waratah2011,3,31-Jul-14,2014,1,0,1,alive,9.25,5.29,,587,623,589,,,,,718,
,,GRSP,152,GRSP_152,Waratah2011,3,14-Jun-13,2013,2,1,2,alive,,,,247,,,,,,,,
,,GRSP,152,GRSP_152,Waratah2011,3,31-Jul-14,2014,2,1,2,alive,3.6036,2.2951,,393,,,,,,,,
,,GRSP,152,GRSP_152,Waratah2011,3,14-Jun-13,2013,3,2,3,alive,,,,144,,,,,,,,
,,GRSP,152,GRSP_152,Waratah2011,3,31-Jul-14,2014,3,2,3,alive,1.0372,1.2353,,269,,,,,,,,
,,GRSP,152,GRSP_152,Waratah2011,3,31-Jul-14,2014,4,3,4,alive,0.1286,0.3188,,156,,,,,,,,
,,GRSP,152,GRSP_152,Waratah2011,3,31-Jul-14,2014,5,4,5,alive,0.068,0.2463,,124,,,,,,,,
,40,GRSP,153,GRSP_153,Waratah2011,3,14-Jun-13,2013,1,0,1,alive,,,,524,530,532,528.6666667,,,,360,
,142,GRSP,153,GRSP_153,Waratah2011,3,31-Jul-14,2014,1,0,1,alive,14.65,13.55,,946,985,958,,,,,445,
,,GRSP,153,GRSP_153,Waratah2011,3,14-Jun-13,2013,2,1,2,alive,,,,311,,,,,,,,
,,GRSP,153,GRSP_153,Waratah2011,3,31-Jul-14,2014,2,1,2,alive,4.343,5.0577,,564,,,,,,,,
,,GRSP,153,GRSP_153,Waratah2011,3,14-Jun-13,2013,3,2,3,alive,,,,170,,,,,,,,
,,GRSP,153,GRSP_153,Waratah2011,3,31-Jul-14,2014,3,2,3,alive,0.7562,0.9669,,315,,,,,,,,
,,GRSP,153,GRSP_153,Waratah2011,3,31-Jul-14,2014,4,3,4,alive,0.2159,0.5283,,145,,,,,,,,
,41,GRSP,154,GRSP_154,Waratah2011,3,18-Jun-13,2013,1,0,1,alive,,,,268,280,293,280.3333333,,,,415,
,143,GRSP,154,GRSP_154,Waratah2011,3,30-Jul-14,2014,1,0,1,alive,2.9912,2.4206,,435,452,458,,,,,355,
,,GRSP,154,GRSP_154,Waratah2011,3,18-Jun-13,2013,2,1,2,alive,,,,171,,,,,,,,
,,GRSP,154,GRSP_154,Waratah2011,3,30-Jul-14,2014,2,1,2,alive,1.2879,1.8841,,309,,,,,,,,
,,GRSP,154,GRSP_154,Waratah2011,3,30-Jul-14,2014,3,2,3,alive,0.0875,0.1958,,97,,,,,,,,
,42,GRSP,155,GRSP_155,Waratah2011,3,18-Jun-13,2013,1,0,1,alive,,,,313,329,319,320.3333333,,,,287,
,144,GRSP,155,GRSP_155,Waratah2011,3,30-Jul-14,2014,1,0,1,alive,7.53,7.05,,709,750,736,,,,,450,
,,GRSP,155,GRSP_155,Waratah2011,3,18-Jun-13,2013,2,1,2,alive,,,,114,,,,,,,,
,,GRSP,155,GRSP_155,Waratah2011,3,30-Jul-14,2014,2,1,2,alive,1.2161,1.8066,,314,,,,,,,,
,,GRSP,155,GRSP_155,Waratah2011,3,30-Jul-14,2014,3,2,3,alive,0.5236,0.8871,,220,,,,,,,,
,,GRSP,155,GRSP_155,Waratah2011,3,30-Jul-14,2014,4,3,4,alive,0.2216,0.4194,,142,,,,,,,,
,43,GRSP,156,GRSP_156,Waratah2011,3,18-Jun-13,2013,1,0,1,alive,,,,431,428,420,426.3333333,,,,366,
,145,GRSP,156,GRSP_156,Waratah2011,3,31-Jul-14,2014,1,0,1,alive,6.47,4.3,,664,670,670,,,,,660,
,,GRSP,156,GRSP_156,Waratah2011,3,18-Jun-13,2013,2,1,2,alive,,,,210,,,,,,,,
,,GRSP,156,GRSP_156,Waratah2011,3,31-Jul-14,2014,2,1,2,alive,4.87,4.587,,517,,,,,,,,
,,GRSP,156,GRSP_156,Waratah2011,3,31-Jul-14,2014,3,2,3,alive,1.629,2.6964,,288,,,,,,,,
,,GRSP,156,GRSP_156,Waratah2011,3,31-Jul-14,2014,4,3,4,alive,0.2276,0.5269,,139,,,,,,,,
,44,GRSP,157,GRSP_157,Waratah2011,3,18-Jun-13,2013,1,0,1,alive,,,,648,648,643,646.3333333,,,,565,
,146,GRSP,157,GRSP_157,Waratah2011,3,31-Jul-14,2014,1,0,1,alive,46.26,47.96,,1033,1028,1073,,,,,925,
,,GRSP,157,GRSP_157,Waratah2011,3,18-Jun-13,2013,2,1,2,alive,,,,359,,,,,,,,
,,GRSP,157,GRSP_157,Waratah2011,3,31-Jul-14,2014,2,1,2,alive,11.03,12.89,,651,,,,,,,,
,,GRSP,157,GRSP_157,Waratah2011,3,18-Jun-13,2013,3,2,3,alive,,,,152,,,,,,,,
,,GRSP,157,GRSP_157,Waratah2011,3,31-Jul-14,2014,3,2,3,alive,7.92,10.34,,502,,,,,,,,
,,GRSP,157,GRSP_157,Waratah2011,3,18-Jun-13,2013,4,3,4,alive,,,,97,,,,,,,,
,,GRSP,157,GRSP_157,Waratah2011,3,31-Jul-14,2014,4,3,4,alive,3.13,4.0266,,398,,,,,,,,
,,GRSP,157,GRSP_157,Waratah2011,3,31-Jul-14,2014,5,4,5,alive,1.88,2.8147,,310,,,,,,,,
,,GRSP,157,GRSP_157,Waratah2011,3,31-Jul-14,2014,6,5,6,alive,0.2757,0.5048,,134,,,,,,,,
,45,HATE,151,HATE_151,Waratah2011,3,14-Jun-13,2013,1,0,1,alive,,,,244,243,239,242,,,,255,
,147,HATE,151,HATE_151,Waratah2011,3,30-Jul-14,2014,1,0,1,alive,1.1861,1.4219,,350,348,362,,,,,488,
,,HATE,151,HATE_151,Waratah2011,3,30-Jul-14,2014,2,1,2,alive,0.4697,2.2079,,239,,,,,,,,
,,HATE,151,HATE_151,Waratah2011,3,30-Jul-14,2014,3,2,3,alive,0.0732,0.4114,,110,,,,,,,,
,46,HATE,152,HATE_152,Waratah2011,3,14-Jun-13,2013,1,0,1,dead,,,,357,352,352,353.6666667,,,,243,
,47,HATE,153,HATE_153,Waratah2011,3,14-Jun-13,2013,1,0,1,alive,,,,656,660,610,642,,,,780,
,149,HATE,153,HATE_153,Waratah2011,3,31-Jul-14,2014,1,0,1,alive,19.31,19.09,,1011,1024,1063,,,,,1330,
,,HATE,153,HATE_153,Waratah2011,3,14-Jun-13,2013,2,1,2,alive,,,,237,,,,,,,,
,,HATE,153,HATE_153,Waratah2011,3,31-Jul-14,2014,2,1,2,alive,5.46,9.77,,630,,,,,,,,
,,HATE,153,HATE_153,Waratah2011,3,31-Jul-14,2014,3,2,3,alive,2.7676,2.767,,410,,,,,,,,
,,HATE,153,HATE_153,Waratah2011,3,31-Jul-14,2014,4,3,4,alive,0.3679,1.0291,,216,,,,,,,,
,48,HATE,154,HATE_154,Waratah2011,3,18-Jun-13,2013,1,0,1,alive,,,,341,345,345,343.6666667,,,,545,
,150,HATE,154,HATE_154,Waratah2011,3,31-Jul-14,2014,1,0,1,alive,5.4745,2.1745,,606,601,605,,,,,1224,
,,HATE,154,HATE_154,Waratah2011,3,18-Jun-13,2013,2,1,2,alive,,,,145,,,,,,,,
,,HATE,154,HATE_154,Waratah2011,3,31-Jul-14,2014,2,1,2,alive,1.096,1.3888,,476,,,,,,,,
,,HATE,154,HATE_154,Waratah2011,3,31-Jul-14,2014,3,2,3,alive,2.0001,3.151,,386,,,,,,,,
,,HATE,154,HATE_154,Waratah2011,3,31-Jul-14,2014,4,3,4,alive,0.5975,1.5219,,230,,,,,,,,
,49,HATE,155,HATE_155,Waratah2011,3,18-Jun-13,2013,1,0,1,alive,,,,531,569,533,544.3333333,,,,564,
,151,HATE,155,HATE_155,Waratah2011,3,31-Jul-14,2014,1,0,1,alive,4.5894,3.0407,,725,742,722,,,,,885,
,,HATE,155,HATE_155,Waratah2011,3,18-Jun-13,2013,2,1,2,alive,,,,354,,,,,,,,
,,HATE,155,HATE_155,Waratah2011,3,31-Jul-14,2014,2,1,2,alive,4.23,6.54,,551,,,,,,,,
,,HATE,155,HATE_155,Waratah2011,3,18-Jun-13,2013,3,2,3,alive,,,,191,,,,,,,,
,,HATE,155,HATE_155,Waratah2011,3,31-Jul-14,2014,3,2,3,alive,2.7288,3.8062,,462,,,,,,,,
,,HATE,155,HATE_155,Waratah2011,3,31-Jul-14,2014,4,3,4,alive,0.7193,1.9526,,267,,,,,,,,
,,HATE,155,HATE_155,Waratah2011,3,31-Jul-14,2014,5,4,5,alive,0.2275,0.6316,,191,,,,,,,,
,50,HATE,156,HATE_156,Waratah2011,3,18-Jun-13,2013,1,0,1,alive,,,,213,219,226,219.3333333,,,,197,
,152,HATE,156,HATE_156,Waratah2011,3,31-Jul-14,2014,1,0,1,alive,1.1246,1.5575,,405,439,420,,,,,578,
,,HATE,156,HATE_156,Waratah2011,3,31-Jul-14,2014,2,1,2,alive,0.4476,1.2519,,259,,,,,,,,
,,HATE,156,HATE_156,Waratah2011,3,31-Jul-14,2014,3,2,3,alive,0.3003,1.5903,,178,,,,,,,,
,51,HATE,157,HATE_157,Waratah2011,3,18-Jun-13,2013,1,0,1,alive,,,,254,267,258,259.6666667,,,,230,
,153,HATE,157,HATE_157,Waratah2011,3,31-Jul-14,2014,1,0,1,alive,1.7868,2.6017,,439,442,443,,,,,705,
,,HATE,157,HATE_157,Waratah2011,3,18-Jun-13,2013,2,1,2,alive,,,,221,,,,,,,,
,,HATE,157,HATE_157,Waratah2011,3,31-Jul-14,2014,2,1,2,alive,0.7065,1.6093,,385,,,,,,,,
,,HATE,157,HATE_157,Waratah2011,3,31-Jul-14,2014,3,2,3,alive,0.3312,1.4519,,262,,,,,,,,"IF #S WEIRD, possible that all diameters off by 1 - divisions, but not segment names marked on map"
,52,HATE ,161,HATE _161,Waratah2011,3,3-Sep-13,2013,1,0,1,alive,,,,267,259,273,266.3333333,,,,160,
,154,HATE ,161,HATE _161,Waratah2011,3,31-Jul-14,2014,1,0,1,alive,0.3675,0.2106,,399,433,415,,,,,388,
,,HATE ,161,HATE _161,Waratah2011,3,3-Sep-13,2013,2,1,2,alive,,,,179,,,,,,,,
,,HATE ,161,HATE _161,Waratah2011,3,31-Jul-14,2014,2,1,2,alive,0.3637,0.8859,,271,,,,,,,,
,,HATE ,161,HATE _161,Waratah2011,3,31-Jul-14,2014,3,2,3,alive,0.3726,1.7982,,184,,,,,,,,
,53,HEPU,151,HEPU_151,Waratah2011,3,13-Jun-13,2013,1,0,1,alive,,,,126,122,124,124,,,,215,
,155,HEPU,151,HEPU_151,Waratah2011,3,30-Jul-14,2014,1,0,1,alive,0.3328,0.3271,,220,211,215,,,,,247,
,,HEPU,151,HEPU_151,Waratah2011,3,13-Jun-13,2013,2,1,2,alive,,,,41,,,,,,,,
,,HEPU,151,HEPU_151,Waratah2011,3,30-Jul-14,2014,2,1,2,alive,0.034,0.091,,82,,,,,,,,
,,HEPU,151,HEPU_151,Waratah2011,3,30-Jul-14,2014,1.2,1,9,alive,0.0238,0.0823,,56,,,,,,,,
,54,HEPU,152,HEPU_152,Waratah2011,3,13-Jun-13,2013,1,0,1,alive,,,,146,150,156,150.6666667,,,,274,
,156,HEPU,152,HEPU_152,Waratah2011,3,30-Jul-14,2014,1,0,1,alive,1.0154,0.952,,349,355,345,,,,,417,
,,HEPU,152,HEPU_152,Waratah2011,3,13-Jun-13,2013,2,1,2,alive,,,,61,,,,,,,,
,,HEPU,152,HEPU_152,Waratah2011,3,30-Jul-14,2014,2,1,2,alive,0.3869,0.3805,,175,,,,,,,,
,,HEPU,152,HEPU_152,Waratah2011,3,30-Jul-14,2014,3,2,3,alive,0.0875,0.1127,,96,,,,,,,,
,55,HEPU,153,HEPU_153,Waratah2011,3,13-Jun-13,2013,1,0,1,alive,,,,143,145,139,142.3333333,,,,305,
,157,HEPU,153,HEPU_153,Waratah2011,3,30-Jul-14,2014,1,0,1,alive,0.7387,0.8143,,233,234,239,,,,,452,
,,HEPU,153,HEPU_153,Waratah2011,3,13-Jun-13,2013,2,1,2,alive,,,,67,,,,,,,,
,,HEPU,153,HEPU_153,Waratah2011,3,30-Jul-14,2014,2,1,2,alive,0.0843,0.1606,,115,,,,,,,,
,,HEPU,153,HEPU_153,Waratah2011,3,30-Jul-14,2014,3,2,3,alive,0.0757,0.1436,,76,,,,,,,,
,56,HEPU,154,HEPU_154,Waratah2011,3,13-Jun-13,2013,1,0,1,alive,,,,153,141,145,146.3333333,,,,330,
,158,HEPU,154,HEPU_154,Waratah2011,3,30-Jul-14,2014,1,0,1,alive,0.3944,0.304,,221,227,204,,,,,602,
,,HEPU,154,HEPU_154,Waratah2011,3,13-Jun-13,2013,2,1,2,alive,,,,91,,,,,,,,
,,HEPU,154,HEPU_154,Waratah2011,3,30-Jul-14,2014,2,1,2,alive,0.3697,0.41,,149,,,,,,,,
,,HEPU,154,HEPU_154,Waratah2011,3,30-Jul-14,2014,3,2,3,alive,0.0937,0.1145,,79,,,,,,,,
,57,HEPU,155,HEPU_155,Waratah2011,3,14-Jun-13,2013,1,0,1,alive,,,,96,100,93,96.33333333,,,,270,
,159,HEPU,155,HEPU_155,Waratah2011,3,31-Jul-14,2014,1,0,1,alive,0.2233,0.1759,,128,126,126,,,,,190,
,,HEPU,155,HEPU_155,Waratah2011,3,31-Jul-14,2014,2,1,2,alive,0.002055,0.006079,,30,,,,,,,,check if this looks right; not sure I correctly marked segment cut location
,,HEPU,155,HEPU_155,Waratah2011,3,31-Jul-14,2014,1.2,1,9,alive,0.002985,0.00812,,35,,,,,,,,
,58,HEPU,156,HEPU_156,Waratah2011,3,14-Jun-13,2013,1,0,1,alive,,,,143,146,148,145.6666667,,,,375,
,160,HEPU,156,HEPU_156,Waratah2011,3,30-Jul-14,2014,1,0,1,alive,0.312,0.1869,,193,182,201,,,,,353,
,,HEPU,156,HEPU_156,Waratah2011,3,14-Jun-13,2013,2,1,2,alive,,,,81,,,,,,,,
,,HEPU,156,HEPU_156,Waratah2011,3,30-Jul-14,2014,2,1,2,alive,0.1502,0.2159,,122,,,,,,,,
,,HEPU,156,HEPU_156,Waratah2011,3,30-Jul-14,2014,3,2,3,alive,0.001325,0.005294,,30,,,,,,,,
,59,HEPU,157,HEPU_157,Waratah2011,3,14-Jun-13,2013,1,0,1,alive,,,,161,159,167,162.3333333,,,,320,
,161,HEPU,157,HEPU_157,Waratah2011,3,30-Jul-14,2014,1,0,1,alive,0.7765,0.4537,,246,243,269,,,,,487,
,,HEPU,157,HEPU_157,Waratah2011,3,14-Jun-13,2013,2,1,2,alive,,,,103,,,,,,,,
,,HEPU,157,HEPU_157,Waratah2011,3,30-Jul-14,2014,2,1,2,alive,0.4816,0.5462,,167,,,,,,,,
,,HEPU,157,HEPU_157,Waratah2011,3,14-Jun-13,2013,3,2,3,alive,,,,35,,,,,,,,
,,HEPU,157,HEPU_157,Waratah2011,3,30-Jul-14,2014,3,2,3,alive,0.0778,0.1138,,87,,,,,,,,
,,HEPU,157,HEPU_157,Waratah2011,3,30-Jul-14,2014,4,3,4,alive,0.0255,0.0448,,40,,,,,,,,
,60,LEES,152,LEES_152,Waratah2011,3,14-Jun-13,2013,1,0,1,alive,,,,159,141,157,152.3333333,,,,165,
,162,LEES,152,LEES_152,Waratah2011,3,31-Jul-14,2014,1,0,1,alive,0.7015,0.7303,,239,263,236,,,,,312,
,,LEES,152,LEES_152,Waratah2011,3,31-Jul-14,2014,2,1,2,alive,0.1136,0.2159,,122,,,,,,,,
,,LEES,152,LEES_152,Waratah2011,3,31-Jul-14,2014,3,2,3,alive,0.0217,0.0701,,85,,,,,,,,
,61,LEES,153,LEES_153,Waratah2011,3,14-Jun-13,2013,1,0,1,alive,,,,162,166,168,165.3333333,,,,270,
,163,LEES,153,LEES_153,Waratah2011,3,31-Jul-14,2014,1,0,1,alive,1.5561,0.5408,,345,364,345,,,,,478,
,,LEES,153,LEES_153,Waratah2011,3,14-Jun-13,2013,2,1,2,alive,,,,136,,,,,,,,
,,LEES,153,LEES_153,Waratah2011,3,31-Jul-14,2014,2,1,2,alive,1.1344,2.1259,,256,,,,,,,,
,,LEES,153,LEES_153,Waratah2011,3,31-Jul-14,2014,3,2,3,alive,0.1531,0.2897,,139,,,,,,,,
,,LEES,153,LEES_153,Waratah2011,3,31-Jul-14,2014,4,3,4,alive,0.0194,0.0861,,77,,,,,,,,
,62,LEES,155,LEES_155,Waratah2011,3,14-Jun-13,2013,1,0,1,alive,,,,50,53,58,53.66666667,,,,55,
,164,LEES,155,LEES_155,Waratah2011,3,30-Jul-14,2014,1,0,1,alive,0.0331,0.0185,,74,77,87,,,,,100,
,,LEES,155,LEES_155,Waratah2011,3,30-Jul-14,2014,2,1,2,alive,0.0145,0.0832,,65,,,,,,,,
,63,LEES,156,LEES_156,Waratah2011,3,18-Jun-13,2013,1,0,1,alive,,,,107,115,109,110.3333333,,,,158,
,165,LEES,156,LEES_156,Waratah2011,3,31-Jul-14,2014,1,0,1,alive,0.4197,0.2183,,255,238,237,,,,,360,
,,LEES,156,LEES_156,Waratah2011,3,31-Jul-14,2014,2,1,2,alive,0.3065,0.4545,,175,,,,,,,,
,,LEES,156,LEES_156,Waratah2011,3,31-Jul-14,2014,3,2,3,alive,0.0372,0.0848,,110,,,,,,,,
,,LEES,156,LEES_156,Waratah2011,3,31-Jul-14,2014,4,3,4,alive,0.0226,0.067,,58,,,,,,,,
,64,LEES,157,LEES_157,Waratah2011,3,18-Jun-13,2013,1,0,1,alive,,,,140,134,139,137.6666667,,,,218,
,166,LEES,157,LEES_157,Waratah2011,3,31-Jul-14,2014,1,0,1,alive,0.6217,0.5071,,203,195,221,,,,,343,
,,LEES,157,LEES_157,Waratah2011,3,31-Jul-14,2014,2,1,2,alive,0.1007,0.1988,,112,,,,,,,,
,65,PELA,151,PELA_151,Waratah2011,3,14-Jun-13,2013,1,0,1,alive,,,,122,112,120,118,,,,58,
,167,PELA,151,PELA_151,Waratah2011,3,30-Jul-14,2014,1,0,1,alive,0.0868,0.3907,,111,123,119,,,,,65,
,66,PELA,152,PELA_152,Waratah2011,3,14-Jun-13,2013,1,0,1,alive,,,,211,204,230,215,,,,83,
,168,PELA,152,PELA_152,Waratah2011,3,30-Jul-14,2014,1,0,1,alive,0.3768,0.9457,,289,296,284,,,,,163,
,,PELA,152,PELA_152,Waratah2011,3,30-Jul-14,2014,2,1,2,alive,0.2144,1.9706,,217,,,,,,,,
,67,PELA,153,PELA_153,Waratah2011,3,18-Jun-13,2013,1,0,1,alive,,,,295,280,277,284,,,,215,
,169,PELA,153,PELA_153,Waratah2011,3,30-Jul-14,2014,1,0,1,alive,0.556,0,,604,587,595,,,,,342,
,,PELA,153,PELA_153,Waratah2011,3,18-Jun-13,2013,2,1,2,alive,,,,240,,,,,,,,
,,PELA,153,PELA_153,Waratah2011,3,30-Jul-14,2014,2,1,2,alive,1.1592,2.5657,,437,429,,,,,,,
,,PELA,153,PELA_153,Waratah2011,3,30-Jul-14,2014,3,2,3,alive,0.565,3.5427,,333,329,,,,,,,
,68,PELA,154,PELA_154,Waratah2011,3,18-Jun-13,2013,1,0,1,dead,,,,191,181,195,189,,,,64,
,69,PELA,155,PELA_155,Waratah2011,3,18-Jun-13,2013,1,0,1,alive,,,,205,204,204,204.3333333,,,,75,
,171,PELA,155,PELA_155,Waratah2011,3,31-Jul-14,2014,1,0,1,alive,0.3436,1.5908,,275,276,276,,,,,137,
,,PELA,155,PELA_155,Waratah2011,3,31-Jul-14,2014,2,1,2,alive,0.1462,1.4137,,232,222,,,,,,,
,70,PELA,156,PELA_156,Waratah2011,3,18-Jun-13,2013,1,0,1,alive,,,,146,164,153,154.3333333,,,,31,
,172,PELA,156,PELA_156,Waratah2011,3,30-Jul-14,2014,1,0,1,alive,0.0577,0.1076,,177,178,172,,,,,62,
,,PELA,156,PELA_156,Waratah2011,3,30-Jul-14,2014,2,1,2,alive,0.0616,0.1405,,147,,,,,,,,
,71,PELA,157,PELA_157,Waratah2011,3,18-Jun-13,2013,1,0,1,alive,,,,186,184,179,183,,,,74,
,173,PELA,157,PELA_157,Waratah2011,3,31-Jul-14,2014,1,0,1,alive,0.2272,0.7455,,282,305,287,,,,,145,
,,PELA,157,PELA_157,Waratah2011,3,31-Jul-14,2014,2,1,2,alive,0.1608,1.3048,,209,,,,,,,,
,72,PELA,158,PELA_158,Waratah2011,3,18-Jun-13,2013,1,0,1,alive,,,,153,141,139,144.3333333,,,,105,
,174,PELA,158,PELA_158,Waratah2011,3,31-Jul-14,2014,1,0,1,alive,0.2114,0.3889,,221,212,199,,,,,223,
,,PELA,158,PELA_158,Waratah2011,3,31-Jul-14,2014,2,1,2,alive,0.1615,1.0397,,144,,,,,,,,
,73,PELA,161,PELA_161,Waratah2011,3,20-Sep-13,2013,1,0,1,alive,,,,250,245,247,247.3333333,,,,155,
,175,PELA,161,PELA_161,Waratah2011,3,31-Jul-14,2014,1,0,1,alive,0.4838,0.3371,,415,405,398,,,,,341,need to find old map
,,PELA,161,PELA_161,Waratah2011,3,31-Jul-14,2014,2,1,2,alive,0.8676,3.3234,,291,,,,,,,,
,,PELA,161,PELA_161,Waratah2011,3,31-Jul-14,2014,3,2,3,alive,0.1281,0.742,,174,,,,,,,,
,74,PELA,162,PELA_162,Waratah2011,3,20-Sep-13,2013,1,0,1,alive,,,,227,231,222,226.6666667,,,,105,
,176,PELA,162,PELA_162,Waratah2011,3,30-Jul-14,2014,1,0,1,alive,0.163,0,,363,360,358,,,,,240,
,,PELA,162,PELA_162,Waratah2011,3,30-Jul-14,2014,2,1,2,alive,0.6462,2.9239,,320,,,,,,,,
,,PELA,162,PELA_162,Waratah2011,3,30-Jul-14,2014,3,2,3,alive,0.1844,1.7995,,211,,,,,,,,
,75,PEPU,151,PEPU_151,Waratah2011,3,14-Jun-13,2013,1,0,1,alive,,,,221,206,204,210.3333333,,,,55,
,177,PEPU,151,PEPU_151,Waratah2011,3,31-Jul-14,2014,1,0,1,alive,0.1163,0.2551,,274,262,272,,,,,96,
,,PEPU,151,PEPU_151,Waratah2011,3,14-Jun-13,2013,2,1,2,alive,,,,157,,,,,,,,
,,PEPU,151,PEPU_151,Waratah2011,3,31-Jul-14,2014,2,1,2,alive,0.0676,0.2659,,223,,,,,,,,
,,PEPU,151,PEPU_151,Waratah2011,3,31-Jul-14,2014,3,2,3,alive,0.0899,1.1282,,190,,,,,,,,
,76,PEPU,152,PEPU_152,Waratah2011,3,14-Jun-13,2013,1,0,1,alive,,,,131,147,141,139.6666667,,,,24,
,178,PEPU,152,PEPU_152,Waratah2011,3,31-Jul-14,2014,1,0,1,alive,0.006674,0.004086,,133,141,150,,,,,28,
,,PEPU,152,PEPU_152,Waratah2011,3,14-Jun-13,2013,2,1,2,alive,,,,92,,,,,,,,
,,PEPU,152,PEPU_152,Waratah2011,3,31-Jul-14,2014,2,1,2,alive,0.01,0.054,,101,,,,,,,,
,,PEPU,152,PEPU_152,Waratah2011,3,31-Jul-14,2014,3,2,3,alive,0.003999,0.0452,,74,,,,,,,,
,77,PEPU,153,PEPU_153,Waratah2011,3,14-Jun-13,2013,1,0,1,alive,,,,158,156,152,155.3333333,,,,25,
,179,PEPU,153,PEPU_153,Waratah2011,3,31-Jul-14,2014,1,0,1,alive,0.0695,0.1738,,201,205,198,,,,,90,
,,PEPU,153,PEPU_153,Waratah2011,3,31-Jul-14,2014,2,1,2,alive,0.039,0.2561,,170,,,,,,,,
,,PEPU,153,PEPU_153,Waratah2011,3,31-Jul-14,2014,3,2,3,alive,0.0412,0.5125,,129,,,,,,,,
,78,PEPU,154,PEPU_154,Waratah2011,3,14-Jun-13,2013,1,0,1,alive,,,,157,166,174,165.6666667,,,,30,
,180,PEPU,154,PEPU_154,Waratah2011,3,31-Jul-14,2014,1,0,1,alive,0.0431,0.2061,,206,181,177,,,,,47,
,,PEPU,154,PEPU_154,Waratah2011,3,14-Jun-13,2013,2,1,2,alive,,,,120,,,,,,,,
,,PEPU,154,PEPU_154,Waratah2011,3,31-Jul-14,2014,2,1,2,alive,0.0281,0.0801,,141,151,,,,,,,
,,PEPU,154,PEPU_154,Waratah2011,3,31-Jul-14,2014,3,2,3,alive,0.0271,0.3682,,125,,,,,,,,
,79,PEPU,155,PEPU_155,Waratah2011,3,14-Jun-13,2013,1,0,1,alive,,,,139,131,131,133.6666667,,,,105,
,181,PEPU,155,PEPU_155,Waratah2011,3,31-Jul-14,2014,1,0,1,alive,0.0772,0.0228,,267,272,260,,,,,350,
,,PEPU,155,PEPU_155,Waratah2011,3,14-Jun-13,2013,2,1,2,alive,,,,112,,,,,,,,
,,PEPU,155,PEPU_155,Waratah2011,3,31-Jul-14,2014,2,1,2,alive,0.1468,0.5308,,191,,,,,,,,
,,PEPU,155,PEPU_155,Waratah2011,3,31-Jul-14,2014,3,2,3,alive,0.2452,1.0695,,153,,,,,,,,
,80,PEPU,156,PEPU_156,Waratah2011,3,14-Jun-13,2013,1,0,1,alive,,,,80,95,83,86,,,,35,
,182,PEPU,156,PEPU_156,Waratah2011,3,31-Jul-14,2014,1,0,1,alive,0.0389,0.0436,,129,144,142,,,,,170,
,,PEPU,156,PEPU_156,Waratah2011,3,31-Jul-14,2014,2,1,2,alive,0.0347,0.1667,,129,137,,,,,,,
,,PEPU,156,PEPU_156,Waratah2011,3,31-Jul-14,2014,3,2,3,alive,0.0681,0.3884,,103,102,,,,,,,
,81,PEPU,157,PEPU_157,Waratah2011,3,18-Jun-13,2013,1,0,1,alive,,,,110,112,114,112,,,,30,
,183,PEPU,157,PEPU_157,Waratah2011,3,30-Jul-14,2014,1,0,1,alive,0.0554,0.2027,,177,169,180,,,,,51,
,,PEPU,157,PEPU_157,Waratah2011,3,30-Jul-14,2014,2,1,2,alive,0.019,0.2444,,136,,,,,,,,
,82,PEPU,158,PEPU_158,Waratah2011,3,18-Jun-13,2013,1,0,1,dead,,,,170,169,185,174.6666667,,,,35,
,83,PHPH,161,PHPH_161,Waratah2011,3,3-Sep-13,2013,1,0,1,alive,,,,,,,,,,,310,
,185,PHPH,161,PHPH_161,Waratah2011,3,30-Jul-14,2014,1,0,1,alive,1.8868,2.1141,,505,552,528,,,,,455,need final basal diameter
,,PHPH,161,PHPH_161,Waratah2011,3,3-Sep-13,2013,2,1,2,alive,,,,159,167,164,,,,,,
,,PHPH,161,PHPH_161,Waratah2011,3,30-Jul-14,2014,2,1,2,alive,1.2528,1.4019,,336,323,312,,,,,,
,,PHPH,161,PHPH_161,Waratah2011,3,30-Jul-14,2014,3,2,3,alive,0.134,0.4424,,151,,,,,,,,
,84,PHPH,162,PHPH_162,Waratah2011,3,3-Sep-13,2013,1,0,1,alive,,,,148,147,136,143.6666667,,,,242,
,186,PHPH,162,PHPH_162,Waratah2011,3,30-Jul-14,2014,1,0,1,alive,0.397,0.5685,,251,244,242,,,,,358,
,,PHPH,162,PHPH_162,Waratah2011,3,3-Sep-13,2013,2,1,2,alive,,,,119,,,,,,,,
,,PHPH,162,PHPH_162,Waratah2011,3,30-Jul-14,2014,2,1,2,alive,0.4416,0.4726,,244,,,,,,,,
,,PHPH,162,PHPH_162,Waratah2011,3,30-Jul-14,2014,3,2,3,alive,0.1016,0.3611,,135,,,,,,,,
,85,PHPH,163,PHPH_163,Waratah2011,3,3-Sep-13,2013,1,0,1,alive,,,,161,166,159,162,,,,172,
,187,PHPH,163,PHPH_163,Waratah2011,3,30-Jul-14,2014,1,0,1,alive,0.264,0.3123,,282,314,264,,,,,252,
,,PHPH,163,PHPH_163,Waratah2011,3,3-Sep-13,2013,2,1,2,alive,,,,114,,,,,,,,
,,PHPH,163,PHPH_163,Waratah2011,3,30-Jul-14,2014,2,1,2,alive,0.1926,0.2742,,144,,,,,,,,
,,PHPH,163,PHPH_163,Waratah2011,3,30-Jul-14,2014,3,2,3,alive,0.0373,0.2459,,82,,,,,,,,
,86,PHPH,164,PHPH_164,Waratah2011,3,3-Sep-13,2013,1,0,1,alive,,,,,,,,,,,202,
,188,PHPH,164,PHPH_164,Waratah2011,3,30-Jul-14,2014,1,0,1,alive,1.0727,1.6261,,468,460,469,,,,,380,
,,PHPH,164,PHPH_164,Waratah2011,3,3-Sep-13,2013,2,1,2,alive,,,,149,148,139,145.3333333,,,,,
,,PHPH,164,PHPH_164,Waratah2011,3,30-Jul-14,2014,2,1,2,alive,0.5865,0.4956,,233,,,,,,,,
,,PHPH,164,PHPH_164,Waratah2011,3,30-Jul-14,2014,3,2,3,alive,0.2262,0.7845,,180,,,,,,,,
,87,PHPH,165,PHPH_165,Waratah2011,3,3-Sep-13,2013,1,0,1,alive,,,,296,291,283,290,,,,270,
,189,PHPH,165,PHPH_165,Waratah2011,3,30-Jul-14,2014,1,0,1,alive,1.2219,0.7479,,357,358,359,,,,,415,
,,PHPH,165,PHPH_165,Waratah2011,3,30-Jul-14,2014,2,1,2,alive,0.328,0.6998,,232,,,,,,,,
,,PHPH,165,PHPH_165,Waratah2011,3,30-Jul-14,2014,3,2,3,alive,0.0419,0.0947,,143,,,,,,,,
,88,PHPH,166,PHPH_166,Waratah2011,3,3-Sep-13,2013,1,0,1,alive,,,,,,,,,,,350,
,190,PHPH,166,PHPH_166,Waratah2011,3,30-Jul-14,2014,1,0,1,alive,1.8101,1.8261,,428,446,416,,,,,610,
,,PHPH,166,PHPH_166,Waratah2011,3,3-Sep-13,2013,2,1,2,alive,,,,185,,,,,,,,
,,PHPH,166,PHPH_166,Waratah2011,3,30-Jul-14,2014,2,1,2,alive,2.0687,0.6158,,349,,,,,,,,
,,PHPH,166,PHPH_166,Waratah2011,3,30-Jul-14,2014,3,2,3,alive,0.4874,1.1219,,211,,,,,,,,
,89,PHPH,167,PHPH_167,Waratah2011,3,3-Sep-13,2013,1,0,1,alive,,,,,,,,,,,300,missing initial diameter
,191,PHPH,167,PHPH_167,Waratah2011,3,30-Jul-14,2014,1,0,1,alive,1.2058,1.9386,,560,556,553,,,,,420,
,,PHPH,167,PHPH_167,Waratah2011,3,3-Sep-13,2013,2,1,2,alive,,,,,,,,,,,,missing initial diameter
,,PHPH,167,PHPH_167,Waratah2011,3,30-Jul-14,2014,2,1,2,alive,1.1054,0.5484,,286,,,,,,,,
,,PHPH,167,PHPH_167,Waratah2011,3,30-Jul-14,2014,3,2,3,alive,0.2096,0.7758,,159,,,,,,,,
,90,PILI,151,PILI_151,Waratah2011,3,14-Jun-13,2013,1,0,1,alive,,,,79,77,75,77,,,,245,
,192,PILI,151,PILI_151,Waratah2011,3,30-Jul-14,2014,1,0,1,alive,0.2628,0.0888,,166,158,156,,,,,385,
,,PILI,151,PILI_151,Waratah2011,3,30-Jul-14,2014,2,1,2,alive,0.0803,0.1008,,89,,,,,,,,
,,PILI,151,PILI_151,Waratah2011,3,30-Jul-14,2014,1.2,1,9,alive,0.0356,0.055,,60,,,,,,,,
,91,PILI,152,PILI_152,Waratah2011,3,14-Jun-13,2013,1,0,1,alive,,,,200,199,200,199.6666667,,,,170,
,193,PILI,152,PILI_152,Waratah2011,3,30-Jul-14,2014,1,0,1,alive,0.8035,0.3704,,341,362,333,,,,,398,
,,PILI,152,PILI_152,Waratah2011,3,14-Jun-13,2013,2,1,2,alive,,,,133,,,,,,,,
,,PILI,152,PILI_152,Waratah2011,3,30-Jul-14,2014,2,1,2,alive,0.2487,0.0701,,183,,,,,,,,
,,PILI,152,PILI_152,Waratah2011,3,14-Jun-13,2013,3,2,3,alive,,,,61,,,,,,,,
,,PILI,152,PILI_152,Waratah2011,3,30-Jul-14,2014,3,2,3,alive,0.175,0.0409,,143,,,,,,,,
,,PILI,152,PILI_152,Waratah2011,3,30-Jul-14,2014,4,3,4,alive,0.0648,0.1199,,85,,,,,,,,
,92,PILI,153,PILI_153,Waratah2011,3,18-Jun-13,2013,1,0,1,alive,,,,93,86,89,89.33333333,,,,91,
,194,PILI,153,PILI_153,Waratah2011,3,30-Jul-14,2014,1,0,1,alive,0.0729,0.0124,,135,134,133,,,,,105,
,,PILI,153,PILI_153,Waratah2011,3,30-Jul-14,2014,2,1,2,alive,0.000487,0.004151,,30,,,,,,,,
,93,PILI,154,PILI_154,Waratah2011,3,18-Jun-13,2013,1,0,1,alive,,,,104,96,95,98.33333333,,,,137,
,195,PILI,154,PILI_154,Waratah2011,3,31-Jul-14,2014,1,0,1,alive,0.053,0.0241,,197,194,193,,,,,285,
,,PILI,154,PILI_154,Waratah2011,3,14-Jun-13,2013,2,1,2,alive,,,,83,,,,,,,,
,,PILI,154,PILI_154,Waratah2011,3,31-Jul-14,2014,2,1,2,alive,0.1213,0.0138,,128,,,,,,,,
,,PILI,154,PILI_154,Waratah2011,3,31-Jul-14,2014,3,2,3,alive,0.0818,0.097,,100,,,,,,,,
,94,PILI,155,PILI_155,Waratah2011,3,18-Jun-13,2013,1,0,1,alive,,,,69,69,64,67.33333333,,,,195,
,196,PILI,155,PILI_155,Waratah2011,3,31-Jul-14,2014,1,0,1,alive,0.0995,0.0875,,194,195,168,,,,,175,
,,PILI,155,PILI_155,Waratah2011,3,18-Jun-13,2013,2,1,2,alive,,,,71,,,,,,,,
,,PILI,155,PILI_155,Waratah2011,3,31-Jul-14,2014,2,1,2,alive,0.0371,0.001151,,100,,,,,,,,
,,PILI,155,PILI_155,Waratah2011,3,31-Jul-14,2014,3,2,3,alive,0.0119,0.0324,,45,,,,,,,,
,95,PILI,161,PILI_161,Waratah2011,3,3-Sep-13,2013,1,0,1,alive,,,,102,107,111,106.6666667,,,,160,
,197,PILI,161,PILI_161,Waratah2011,3,30-Jul-14,2014,1,0,1,alive,0.0741,0.033,,142,138,139,,,,,115,
,,PILI,161,PILI_161,Waratah2011,3,3-Sep-13,2013,2,1,2,alive,,,,97,,,,,,,,
,,PILI,161,PILI_161,Waratah2011,3,30-Jul-14,2014,2,1,2,alive,0.057,0.001096,,113,,,,,,,,
,,PILI,161,PILI_161,Waratah2011,3,30-Jul-14,2014,3,2,3,alive,0.0101,0.0349,,51,,,,,,,,
,96,PUTU,151,PUTU_151,Waratah2011,3,14-Jun-13,2013,1,0,1,alive,,,,182,183,174,179.6666667,,,,197,
,198,PUTU,151,PUTU_151,Waratah2011,3,31-Jul-14,2014,1,0,1,alive,0.495,0.3608,,329,287,300,,,,,282,
,,PUTU,151,PUTU_151,Waratah2011,3,14-Jun-13,2013,2,1,2,alive,,,,115,,,,,,,,
,,PUTU,151,PUTU_151,Waratah2011,3,31-Jul-14,2014,2,1,2,alive,0.1634,0.2013,,177,,,,,,,,
,,PUTU,151,PUTU_151,Waratah2011,3,31-Jul-14,2014,3,2,3,alive,0.1368,0.3092,,145,,,,,,,,
,,PUTU,151,PUTU_151,Waratah2011,3,31-Jul-14,2014,4,3,4,alive,0.0345,0.0841,,89,,,,,,,,
,97,PUTU,152,PUTU_152,Waratah2011,3,14-Jun-13,2013,1,0,1,alive,,,,256,258,258,257.3333333,,,,332,
,199,PUTU,152,PUTU_152,Waratah2011,3,30-Jul-14,2014,1,0,1,alive,0.8267,0.3886,,314,307,295,,,,,328,
,,PUTU,152,PUTU_152,Waratah2011,3,14-Jun-13,2013,2,1,2,alive,,,,186,,,,,,,,
,,PUTU,152,PUTU_152,Waratah2011,3,30-Jul-14,2014,2,1,2,alive,0.6539,0.7461,,258,,,,,,,,
,,PUTU,152,PUTU_152,Waratah2011,3,30-Jul-14,2014,3,2,3,alive,0.2011,0.5459,,157,,,,,,,,
,98,PUTU,153,PUTU_153,Waratah2011,3,14-Jun-13,2013,1,0,1,alive,,,,285,271,272,276,,,,308,
,200,PUTU,153,PUTU_153,Waratah2011,3,30-Jul-14,2014,1,0,1,alive,0.9673,0.4882,,521,513,502,,,,,491,need basal diameter
,,PUTU,153,PUTU_153,Waratah2011,3,14-Jun-13,2013,2,1,2,alive,,,,190,,,,,,,,
,,PUTU,153,PUTU_153,Waratah2011,3,30-Jul-14,2014,2,1,2,alive,0.8931,0.2766,,297,,,,,,,,
,,PUTU,153,PUTU_153,Waratah2011,3,30-Jul-14,2014,3,2,3,alive,0.3024,0.8373,,159,,,,,,,,
,,PUTU,153,PUTU_153,Waratah2011,3,30-Jul-14,2014,1.1.2,2,13,alive,0.0604,0.2033,,83,,,,,,,,"drawn as 4x, but not correct"
,99,PUTU,154,PUTU_154,Waratah2011,3,14-Jun-13,2013,1,0,1,alive,,,,369,334,339,347.3333333,,,,262,
,201,PUTU,154,PUTU_154,Waratah2011,3,30-Jul-14,2014,1,0,1,alive,3.66,4.4258,,550,539,528,,,,,385,
,,PUTU,154,PUTU_154,Waratah2011,3,14-Jun-13,2013,2,1,2,alive,,,,204,,,,,,,,
,,PUTU,154,PUTU_154,Waratah2011,3,30-Jul-14,2014,2,1,2,alive,0.9459,0.7278,,282,,,,,,,,
,,PUTU,154,PUTU_154,Waratah2011,3,14-Jun-13,2013,3,2,3,alive,,,,123,,,,,,,,
,,PUTU,154,PUTU_154,Waratah2011,3,30-Jul-14,2014,3,2,3,alive,0.3592,0.7007,,186,,,,,,,,
,,PUTU,154,PUTU_154,Waratah2011,3,30-Jul-14,2014,4,3,4,alive,0.078,0.2165,,101,,,,,,,,
,100,PUTU,155,PUTU_155,Waratah2011,3,14-Jun-13,2013,1,0,1,alive,,,,177,177,177,177,,,,288,
,202,PUTU,155,PUTU_155,Waratah2011,3,30-Jul-14,2014,1,0,1,alive,1.0179,0.6231,,256,259,270,,,,,565,
,,PUTU,155,PUTU_155,Waratah2011,3,30-Jul-14,2014,2,1,2,alive,0.404,0.7284,,179,,,,,,,,
,,PUTU,155,PUTU_155,Waratah2011,3,30-Jul-14,2014,3,2,3,alive,0.1015,0.2545,,128,,,,,,,,
,101,PUTU,156,PUTU_156,Waratah2011,3,14-Jun-13,2013,1,0,1,alive,,,,320,307,310,312.3333333,,,,268,
,203,PUTU,156,PUTU_156,Waratah2011,3,30-Jul-14,2014,1,0,1,alive,1.4499,2.0906,,456,431,452,,,,,435,
,,PUTU,156,PUTU_156,Waratah2011,3,14-Jun-13,2013,2,1,2,alive,,,,172,,,,,,,,
,,PUTU,156,PUTU_156,Waratah2011,3,30-Jul-14,2014,2,1,2,alive,0.6041,0.8563,,207,,,,,,,,
,,PUTU,156,PUTU_156,Waratah2011,3,30-Jul-14,2014,3,2,3,alive,0.0459,0.14,,86,,,,,,,,
,102,PUTU,157,PUTU_157,Waratah2011,3,18-Jun-13,2013,1,0,1,alive,,,,257,259,269,261.6666667,,,,272,
,204,PUTU,157,PUTU_157,Waratah2011,3,31-Jul-14,2014,1,0,1,alive,1.2736,0.9966,,308,314,305,,,,,508,
,,PUTU,157,PUTU_157,Waratah2011,3,18-Jun-13,2013,2,1,2,alive,,,,142,,,,,,,,
,,PUTU,157,PUTU_157,Waratah2011,3,31-Jul-14,2014,2,1,2,alive,0.3543,0.2986,,202,,,,,,,,
,,PUTU,157,PUTU_157,Waratah2011,3,31-Jul-14,2014,3,2,3,alive,0.1745,0.2644,,148,,,,,,,,
,,PUTU,157,PUTU_157,Waratah2011,3,31-Jul-14,2014,4,3,4,alive,0.0479,0.0816,,120,,,,,,,,
,,BAER,301,BAER_301,Wilunga2013,1,18-Jun-13,2013,1,0,1,alive,,,,149,141,157,,,,,92,
,,BAER,301,BAER_301,Wilunga2013,1,6-Aug-14,2014,1,0,1,alive,0.4648,0.1064,,436,436,431,,,,,392,
,,BAER,301,BAER_301,Wilunga2013,1,6-Aug-14,2014,2,1,2,alive,0.3377,0.9867,,293,287,281,,,,,,
,,BAER,301,BAER_301,Wilunga2013,1,6-Aug-14,2014,3,2,3,alive,0.3791,1.0847,,194,,,,,,,,
,,BAER,302,BAER_302,Wilunga2013,1,18-Jun-13,2013,1,0,1,alive,,,,164,173,168,,,,,123,
,,BAER,302,BAER_302,Wilunga2013,1,6-Aug-14,2014,1,0,1,alive,1.7239,0.2734,,703,691,690,,,,,581,
,,BAER,302,BAER_302,Wilunga2013,1,6-Aug-14,2014,2,1,2,alive,3.4091,7.5221,,473,,,,,,,,
,,BAER,302,BAER_302,Wilunga2013,1,6-Aug-14,2014,3,2,3,alive,0.5264,0.856,,224,,,,,,,,
,,BAER,303,BAER_303,Wilunga2013,1,18-Jun-13,2013,1,0,1,alive,,,,155,158,152,,,,,67,
,,BAER,303,BAER_303,Wilunga2013,1,6-Aug-14,2014,1,0,1,alive,0.4531,0.1121,,478,467,476,,,,,282,
,,BAER,303,BAER_303,Wilunga2013,1,6-Aug-14,2014,2,1,2,alive,0.7139,2.2457,,344,,,,,,,,
,,BAER,303,BAER_303,Wilunga2013,1,6-Aug-14,2014,3,2,3,alive,0.3743,0.9756,,220,,,,,,,,
,,BAER,303,BAER_303,Wilunga2013,1,6-Aug-14,2014,4,3,4,alive,0.1181,0.4777,,135,,,,,,,,
,,BAER,306,BAER_306,Wilunga2013,1,18-Jun-13,2013,1,0,1,alive,,,,132,157,151,,,,,52,
,,BAER,306,BAER_306,Wilunga2013,1,6-Aug-14,2014,1,0,1,alive,0.5219,0.6094,,289,341,350,,,,,205,
,,BAER,306,BAER_306,Wilunga2013,1,6-Aug-14,2014,2,1,2,alive,0.1126,0.5657,,152,,,,,,,,
,,BAER,308,BAER_308,Wilunga2013,1,18-Jun-13,2013,1,0,1,alive,,,,144,142,142,,,,,88,
,,BAER,308,BAER_308,Wilunga2013,1,6-Aug-14,2014,1,0,1,alive,0.5467,0.1968,,456,477,461,,,,,370,
,,BAER,308,BAER_308,Wilunga2013,1,6-Aug-14,2014,2,1,2,alive,0.6469,1.8436,,316,,,,,,,,
,,BAER,308,BAER_308,Wilunga2013,1,6-Aug-14,2014,3,2,3,alive,0.5577,1.479,,237,,,,,,,,
,,BAER,308,BAER_308,Wilunga2013,1,6-Aug-14,2014,4,3,4,alive,0.0361,0.1747,,96,,,,,,,,
,,BAER,309,BAER_309,Wilunga2013,1,27-Jun-13,2013,1,0,1,alive,,,,129,129,125,,,,,41,
,,BAER,309,BAER_309,Wilunga2013,1,6-Aug-14,2014,1,0,1,alive,0.3103,0.0647,,435,470,439,,,,,278,
,,BAER,309,BAER_309,Wilunga2013,1,6-Aug-14,2014,2,1,2,alive,0.4796,1.2775,,299,,,,,,,,
,,BAER,309,BAER_309,Wilunga2013,1,6-Aug-14,2014,3,2,3,alive,0.279,0.9481,,212,,,,,,,,
,,BAER,311,BAER_311,Wilunga2013,1,27-Jun-13,2013,1,0,1,alive,,,,200,196,194,,,,,106,
,,BAER,311,BAER_311,Wilunga2013,1,7-Aug-14,2014,1,0,1,alive,1.148,1.8723,,506,504,505,,,,,310,
,,BAER,311,BAER_311,Wilunga2013,1,7-Aug-14,2014,2,1,2,alive,0.3049,1.0171,,187,,,,,,,,
,,BAER,311,BAER_311,Wilunga2013,1,7-Aug-14,2014,3,2,3,alive,0.0245,0.1243,,76,,,,,,,,
,,BAER,315,BAER_315,Wilunga2013,1,27-Jun-13,2013,1,0,1,alive,,,,194,197,192,,,,,100,
,,BAER,315,BAER_315,Wilunga2013,1,6-Aug-14,2014,1,0,1,alive,1.2999,2.248,,500,517,505,,,,,357,
,,BAER,315,BAER_315,Wilunga2013,1,6-Aug-14,2014,2,1,2,alive,0.7599,2.471,,277,,,,,,,,
,,BAER,315,BAER_315,Wilunga2013,1,6-Aug-14,2014,3,2,3,alive,0.07,0.2995,,101,,,,,,,,
,,BOLE,303,BOLE_303,Wilunga2013,1,18-Jun-13,2013,1,0,1,alive,,,,49,51,49,,,,,26,
,,BOLE,303,BOLE_303,Wilunga2013,1,6-Aug-14,2014,1,0,1,alive,0.0626,0,,117,130,125,,,,,242,
,,BOLE,303,BOLE_303,Wilunga2013,1,6-Aug-14,2014,2,1,2,alive,0.0925,0.2948,,106,,,,,,,,
,,BOLE,305,BOLE_305,Wilunga2013,1,18-Jun-13,2013,1,0,1,alive,,,,48,51,51,,,,,42,
,,BOLE,305,BOLE_305,Wilunga2013,1,7-Aug-14,2014,1,0,1,alive,0.1302,0,,266,276,256,,,,,358,
,,BOLE,305,BOLE_305,Wilunga2013,1,7-Aug-14,2014,2,1,2,alive,0.3019,0.6998,,183,,,,,,,,
,,BOLE,305,BOLE_305,Wilunga2013,1,7-Aug-14,2014,3,2,3,alive,0.1631,0.2957,,128,,,,,,,,
,,BOLE,306,BOLE_306,Wilunga2013,1,18-Jun-13,2013,1,0,1,alive,,,,74,81,73,,,,,50,
,,BOLE,306,BOLE_306,Wilunga2013,1,7-Aug-14,2014,1,0,1,alive,0.2068,0.0263,,277,279,281,,,,,406,
,,BOLE,306,BOLE_306,Wilunga2013,1,7-Aug-14,2014,2,1,2,alive,0.5235,1.1168,,221,,,,,,,,
,,BOLE,306,BOLE_306,Wilunga2013,1,7-Aug-14,2014,3,2,3,alive,0.2098,0.5356,,176,,,,,,,,
,,BOLE,306,BOLE_306,Wilunga2013,1,7-Aug-14,2014,4,3,4,alive,0.0355,0.0848,,62,,,,,,,,
,,BOLE,307,BOLE_307,Wilunga2013,1,27-Jun-13,2013,1,0,1,alive,,,,99,87,97,,,,,42,
,,BOLE,307,BOLE_307,Wilunga2013,1,6-Aug-14,2014,1,0,1,alive,0.2358,0,,310,301,325,,,,,415,
,,BOLE,306,BOLE_307,Wilunga2013,1,6-Aug-14,2014,2,1,2,alive,0.7201,0.9427,,270,,,,,,,,
,,BOLE,306,BOLE_307,Wilunga2013,1,6-Aug-14,2014,3,2,3,alive,0.3538,0.5905,,183,,,,,,,,
,,BOLE,308,BOLE_308,Wilunga2013,1,27-Jun-13,2013,1,0,1,alive,,,,82,94,,,,,,30,
,,BOLE,308,BOLE_308,Wilunga2013,1,7-Aug-14,2014,1,0,1,alive,0.1825,0,,278,281,262,,,,,272,
,,BOLE,306,BOLE_308,Wilunga2013,1,7-Aug-14,2014,2,1,2,alive,0.3959,0.8514,,223,,,,,,,,
,,BOLE,306,BOLE_308,Wilunga2013,1,7-Aug-14,2014,3,2,3,alive,0.2707,0.6166,,170,,,,,,,,
,,BOLE,306,BOLE_308,Wilunga2013,1,7-Aug-14,2014,4,3,4,alive,0.0841,0.1367,,128,,,,,,,,
,,BOLE,313,BOLE_313,Wilunga2013,1,27-Jun-13,2013,1,0,1,alive,,,,78,,,,,,,51,
,,BOLE,313,BOLE_313,Wilunga2013,1,7-Aug-14,2014,1,0,1,alive,0.267,0.0928,,291,298,294,,,,,386,
,,BOLE,313,BOLE_313,Wilunga2013,1,7-Aug-14,2014,2,1,2,alive,0.6228,1.3203,,227,,,,,,,,
,,BOLE,313,BOLE_313,Wilunga2013,1,7-Aug-14,2014,3,2,3,alive,0.352,0.6758,,156,,,,,,,,
,,BOLE,313,BOLE_313,Wilunga2013,1,7-Aug-14,2014,4,3,4,alive,0.1233,0.3091,,124,,,,,,,,
,,BOLE,316,BOLE_316,Wilunga2013,1,27-Jun-13,2013,1,0,1,alive,,,,52,,,,,,,30,
,,BOLE,316,BOLE_316,Wilunga2013,1,7-Aug-14,2014,1,0,1,alive,0.0957,0,,237,252,226,,,,,335,
,,BOLE,316,BOLE_316,Wilunga2013,1,7-Aug-14,2014,2,1,2,alive,0.3036,0.5473,,179,,,,,,,,
,,BOLE,316,BOLE_316,Wilunga2013,1,7-Aug-14,2014,3,2,3,alive,0.1947,0.3607,,132,,,,,,,,
,,BOLE,316,BOLE_316,Wilunga2013,1,7-Aug-14,2014,4,3,4,alive,0.0473,0.1063,,87,,,,,,,,
,,BOLE,317,BOLE_317,Wilunga2013,1,28-Jun-13,2013,1,0,1,alive,,,,79,,,,,,,37,
,,BOLE,317,BOLE_317,Wilunga2013,1,7-Aug-14,2014,1,0,1,alive,0.0446,0,,151,132,135,,,,,218,
,,BOLE,317,BOLE_317,Wilunga2013,1,7-Aug-14,2014,2,1,2,alive,0.0828,0.2047,,105,,,,,,,,
,,BOLE,317,BOLE_317,Wilunga2013,1,7-Aug-14,2014,3,2,3,alive,0.0397,0.1098,,80,,,,,,,,
,,COER,321,COER_321,Wilunga2013,1,3-Sep-13,2013,1,0,1,alive,,,,72,,,,,,,8,
,,COER,321,COER_321,Wilunga2013,1,6-Aug-14,2014,1,0,1,alive,0.0075,0.0289,,87,115,110,,,,,56,
,,COER,321,COER_321,Wilunga2013,1,6-Aug-14,2014,2,1,2,alive,0.0182,0.1132,,81,,,,,,,,
,,COER,322,COER_322,Wilunga2013,1,3-Sep-13,2013,1,0,1,alive,,,,60,,,,,,,8,
,,COER,322,COER_322,Wilunga2013,1,6-Aug-14,2014,1,0,1,alive,0.0068,0.0182,,90,85,91,,,,,63,
,,COER,322,COER_322,Wilunga2013,1,6-Aug-14,2014,2,1,2,alive,0.0192,0.0927,,60,,,,,,,,
,,COER,324,COER_324,Wilunga2013,1,3-Sep-13,2013,1,0,1,alive,,,,70,,,,,,,6,
,,COER,324,COER_324,Wilunga2013,1,6-Aug-14,2014,1,0,1,alive,0.0101,0.0364,,132,125,130,,,,,74,
,,COER,324,COER_324,Wilunga2013,1,6-Aug-14,2014,2,1,2,alive,0.0349,0.1744,,91,,,,,,,,
,,COER,327,COER_327,Wilunga2013,1,3-Sep-13,2013,1,0,1,alive,,,,82,,,,,,,13,
,,COER,327,COER_327,Wilunga2013,1,6-Aug-14,2014,1,0,1,alive,0.0156,0.0332,,93,105,103,,,,,42,
,,COER,327,COER_327,Wilunga2013,1,6-Aug-14,2014,2,1,2,alive,0.0164,0.0594,,73,,,,,,,,
,,EPMI,301,EPMI_301,Wilunga2013,1,27-Jun-13,2013,1,0,1,alive,,,,34,,,,,,,15,maybe EPMI 302
,,EPMI,301,EPMI_301,Wilunga2013,1,6-Aug-14,2014,1,0,1,alive,0.0172,0.0313,,86,97,86,,,,,117,maybe EPMI 302
,,EPMI,301,EPMI_301,Wilunga2013,1,6-Aug-14,2014,2,1,2,alive,0.0278,0.0721,,57,,,,,,,,maybe EPMI 302
,,EPMI,304,EPMI_304,Wilunga2013,1,27-Jun-13,2013,1,0,1,alive,,,,30,,,,,,,12,
,,EPMI,304,EPMI_304,Wilunga2013,1,6-Aug-14,2014,1,0,1,alive,0.012,0,,112,105,112,,,,,208,
,,EPMI,304,EPMI_304,Wilunga2013,1,6-Aug-14,2014,2,1,2,alive,0.048,0.0789,,96,,,,,,,,
,,EPMI,304,EPMI_304,Wilunga2013,1,6-Aug-14,2014,3,2,3,alive,0.0442,0.1068,,85,,,,,,,,
,,EPMI,307,EPMI_307,Wilunga2013,1,28-Jun-13,2013,1,0,1,alive,,,,35,,,,,,,12,
,,EPMI,307,EPMI_307,Wilunga2013,1,6-Aug-14,2014,1,0,1,alive,0.007537,0.001007,,92,93,97,,,,,84,
,,EPMI,307,EPMI_307,Wilunga2013,1,6-Aug-14,2014,2,1,2,alive,0.0206,0.0573,,74,,,,,,,,
,,EPMI,307,EPMI_307,Wilunga2013,1,6-Aug-14,2014,3,2,3,alive,0.0067,0.0267,,49,,,,,,,,
,,EPMI,310,EPMI_310,Wilunga2013,1,28-Jun-13,2013,1,0,1,alive,,,,41,,,,,,,20,
,,EPMI,310,EPMI_310,Wilunga2013,1,6-Aug-14,2014,1,0,1,alive,0.0299,0.0167,,151,139,133,,,,,184,
,,EPMI,310,EPMI_310,Wilunga2013,1,6-Aug-14,2014,2,1,2,alive,0.0927,0.2139,,105,,,,,,,,
,,EPMI,310,EPMI_310,Wilunga2013,1,6-Aug-14,2014,3,2,3,alive,0.0344,0.1039,,79,,,,,,,,
,,EPMI,311,EPMI_311,Wilunga2013,1,28-Jun-13,2013,1,0,1,alive,,,,35,,,,,,,15,
,,EPMI,311,EPMI_311,Wilunga2013,1,7-Aug-14,2014,1,0,1,alive,0.0178,0.001463,,118,120,123,,,,,253,
,,EPMI,311,EPMI_311,Wilunga2013,1,7-Aug-14,2014,2,1,2,alive,0.0686,0.1191,,110,,,,,,,,
,,EPMI,311,EPMI_311,Wilunga2013,1,7-Aug-14,2014,3,2,3,alive,0.0759,0.1668,,96,,,,,,,,
,,EPMI,312,EPMI_312,Wilunga2013,1,28-Jun-13,2013,1,0,1,alive,,,,30,,,,,,,10,
,,EPMI,312,EPMI_312,Wilunga2013,1,6-Aug-14,2014,1,0,1,alive,0.0065,0,,75,69,67,,,,,98,
,,EPMI,312,EPMI_312,Wilunga2013,1,6-Aug-14,2014,2,1,2,alive,0.0332,0.0636,,63,,,,,,,,
,,EPMI,312,EPMI_312,Wilunga2013,1,6-Aug-14,2014,3,2,3,alive,0.0128,0.0334,,48,,,,,,,,
,,EPMI,313,EPMI_313,Wilunga2013,1,28-Jun-13,2013,1,0,1,alive,,,,30,,,,,,,10,
,,EPMI,313,EPMI_313,Wilunga2013,1,6-Aug-14,2014,1,0,1,alive,0.003782,0,,64,61,68,,,,,118,
,,EPMI,313,EPMI_313,Wilunga2013,1,6-Aug-14,2014,2,1,2,alive,0.0184,0.0181,,60,,,,,,,,
,,EPMI,313,EPMI_313,Wilunga2013,1,6-Aug-14,2014,3,2,3,alive,0.0117,0.0435,,49,,,,,,,,
,,EPMI,314,EPMI_314,Wilunga2013,1,28-Jun-13,2013,1,0,1,alive,,,,30,,,,,,,8,
,,EPMI,314,EPMI_314,Wilunga2013,1,6-Aug-14,2014,1,0,1,alive,0.00419,0.001072,,83,85,80,,,,,184,
,,EPMI,314,EPMI_314,Wilunga2013,1,6-Aug-14,2014,2,1,2,alive,0.0143,0.0135,,71,,,,,,,,
,,EPMI,314,EPMI_314,Wilunga2013,1,6-Aug-14,2014,3,2,3,alive,0.062,0.1333,,65,,,,,,,,
,,GRBU,305,GRBU_305,Wilunga2013,1,27-Jun-13,2013,1,0,1,alive,,,,136,132,134,,,,,32,
,,GRBU,305,GRBU_305,Wilunga2013,1,7-Aug-14,2014,1,0,1,alive,0.5728,1.1576,,381,397,378,,,,,185,
,,GRBU,305,GRBU_305,Wilunga2013,1,7-Aug-14,2014,2,1,2,alive,0.5036,1.1171,,210,,,,,,,,
,,GRBU,305,GRBU_305,Wilunga2013,1,7-Aug-14,2014,1.2,1,9,alive,0.3395,0.9344,,207,,,,,,,,
,,GRBU,306,GRBU_306,Wilunga2013,1,27-Jun-13,2013,1,0,1,alive,,,,201,205,199,,,,,198,
,,GRBU,306,GRBU_306,Wilunga2013,1,7-Aug-14,2014,1,0,1,alive,4.1,7.25,,571,566,568,,,,,540,
,,GRBU,306,GRBU_306,Wilunga2013,1,7-Aug-14,2014,2,1,2,alive,2.3327,5.61,,380,,,,,,,,
,,GRBU,306,GRBU_306,Wilunga2013,1,7-Aug-14,2014,3,2,3,alive,0.7221,1.511,,221,,,,,,,,
,,GRBU,306,GRBU_306,Wilunga2013,1,7-Aug-14,2014,1.1.2,2,13,alive,1.1985,1.8434,,329,,,,,,,,
,,GRBU,307,GRBU_307,Wilunga2013,1,27-Jun-13,2013,1,0,1,alive,,,,140,144,139,,,,,66,
,,GRBU,307,GRBU_307,Wilunga2013,1,7-Aug-14,2014,1,0,1,alive,1.8849,3.0451,,621,638,622,,,,,537,
,,GRBU,307,GRBU_307,Wilunga2013,1,27-Jun-13,2013,2,1,2,alive,,,,111,,,,,,,,
,,GRBU,307,GRBU_307,Wilunga2013,1,7-Aug-14,2014,2,1,2,alive,3.82,7.44,,164,,,,,,,,
,,GRBU,307,GRBU_307,Wilunga2013,1,7-Aug-14,2014,3,2,3,alive,2.4861,4.2356,,359,,,,,,,,
,,GRBU,307,GRBU_307,Wilunga2013,1,7-Aug-14,2014,4,3,4,alive,0.1714,0.5259,,161,,,,,,,,
,,GRBU,308,GRBU_308,Wilunga2013,1,27-Jun-13,2013,1,0,1,alive,,,,163,156,158,,,,,57,
,,GRBU,308,GRBU_308,Wilunga2013,1,7-Aug-14,2014,1,0,1,alive,0.7928,1.4409,,467,446,442,,,,,367,
,,GRBU,308,GRBU_308,Wilunga2013,1,7-Aug-14,2014,2,1,2,alive,0.8307,2.392,,275,,,,,,,,
,,GRBU,308,GRBU_308,Wilunga2013,1,7-Aug-14,2014,1.2,1,9,alive,0.2753,0.7528,,155,,,,,,,,
,,GRBU,310,GRBU_310,Wilunga2013,1,27-Jun-13,2013,1,0,1,alive,,,,134,130,129,,,,,110,
,,GRBU,310,GRBU_310,Wilunga2013,1,7-Aug-14,2014,1,0,1,alive,7.36,9.66,,589,583,586,,,,,465,
,,GRBU,310,GRBU_310,Wilunga2013,1,27-Jun-13,2013,2,1,2,alive,,,,95,,,,,,,,
,,GRBU,310,GRBU_310,Wilunga2013,1,7-Aug-14,2014,2,1,2,alive,5.02,6.46,,426,,,,,,,,
,,GRBU,310,GRBU_310,Wilunga2013,1,7-Aug-14,2014,3,2,3,alive,0.6249,0.9326,,230,,,,,,,,
,,GRBU,311,GRBU_311,Wilunga2013,1,27-Jun-13,2013,1,0,1,alive,,,,271,260,268,,,,,190,
,,GRBU,311,GRBU_311,Wilunga2013,1,7-Aug-14,2014,1,0,1,alive,17.74,18.56,,1362,1479,1445,,,,,460,
,,GRBU,311,GRBU_311,Wilunga2013,1,27-Jun-13,2013,2,1,2,alive,,,,210,,,,,,,,
,,GRBU,311,GRBU_311,Wilunga2013,1,7-Aug-14,2014,2,1,2,alive,15.09,17.64,,943,,,,,,,,
,,GRBU,311,GRBU_311,Wilunga2013,1,27-Jun-13,2013,3,2,3,alive,,,,113,,,,,,,,
,,GRBU,311,GRBU_311,Wilunga2013,1,7-Aug-14,2014,3,2,3,alive,7.28,9.34,,611,,,,,,,,
,,GRBU,311,GRBU_311,Wilunga2013,1,7-Aug-14,2014,4,3,4,alive,2.299,3.046,,476,,,,,,,,
,,GRBU,311,GRBU_311,Wilunga2013,1,7-Aug-14,2014,5,4,5,alive,1.643,1.9749,,321,,,,,,,,
,,GRBU,311,GRBU_311,Wilunga2013,1,7-Aug-14,2014,6,5,6,alive,0.0971,0.1802,,133,,,,,,,,
,,GRBU,312,GRBU_312,Wilunga2013,1,27-Jun-13,2013,1,0,1,alive,,,,122,119,114,,,,,93,
,,GRBU,312,GRBU_312,Wilunga2013,1,7-Aug-14,2014,1,0,1,alive,2.23,5.42,,474,500,471,,,,,340,
,,GRBU,312,GRBU_312,Wilunga2013,1,7-Aug-14,2014,2,1,2,alive,0.228,0.521,,188,,,,,,,,
,,GRBU,312,GRBU_312,Wilunga2013,1,7-Aug-14,2014,3,2,3,alive,0.1648,0.5764,,151,,,,,,,,
,,GRBU,312,GRBU_312,Wilunga2013,1,7-Aug-14,2014,1.2,1,9,alive,0.4016,1.0851,,196,,,,,,,,
,,GRBU,313,GRBU_313,Wilunga2013,1,27-Jun-13,2013,1,0,1,alive,,,,145,138,,,,,,73,
,,GRBU,313,GRBU_313,Wilunga2013,1,7-Aug-14,2014,1,0,1,alive,8.57,11.77,,594,597,604,,,,,415,
,,GRBU,313,GRBU_313,Wilunga2013,1,7-Aug-14,2014,2,1,2,alive,2.83,4.5847,,378,,,,,,,,
,,GRBU,313,GRBU_313,Wilunga2013,1,7-Aug-14,2014,3,2,3,alive,1.75,3.74,,224,,,,,,,,
,,GRBU,313,GRBU_313,Wilunga2013,1,7-Aug-14,2014,4,3,4,alive,0.1155,0.2533,,115,,,,,,,,
,,GRSP,301,GRSP_301,Wilunga2013,1,18-Jun-13,2013,1,0,1,alive,,,,119,112,127,,,,,113,
,,GRSP,301,GRSP_301,Wilunga2013,1,6-Aug-14,2014,1,0,1,alive,0.4513,0.4833,,338,339,348,,,,,336,
,,GRSP,301,GRSP_301,Wilunga2013,1,6-Aug-14,2014,2,1,2,alive,0.4382,1.3498,,222,,,,,,,,
,,GRSP,301,GRSP_301,Wilunga2013,1,6-Aug-14,2014,3,2,3,alive,0.3094,1.0219,,161,,,,,,,,
,,GRSP,301,GRSP_301,Wilunga2013,1,6-Aug-14,2014,4,3,4,alive,0.0423,0.1489,,87,,,,,,,,
,,GRSP,302,GRSP_302,Wilunga2013,1,18-Jun-13,2013,1,0,1,alive,,,,191,182,180,,,,,168,
,,GRSP,302,GRSP_302,Wilunga2013,1,6-Aug-14,2014,1,0,1,alive,1.9781,2.0055,,471,474,459,,,,,345,
,,GRSP,302,GRSP_302,Wilunga2013,1,6-Aug-14,2014,2,1,2,alive,1.0688,2.1813,,285,,,,,,,,
,,GRSP,302,GRSP_302,Wilunga2013,1,6-Aug-14,2014,3,2,3,alive,0.4597,0.8086,,198,,,,,,,,
,,GRSP,302,GRSP_302,Wilunga2013,1,6-Aug-14,2014,4,3,4,alive,0.1511,0.4102,,92,,,,,,,,
,,GRSP,306,GRSP_306,Wilunga2013,1,18-Jun-13,2013,1,0,1,alive,,,,130,122,122,,,,,122,
,,GRSP,306,GRSP_306,Wilunga2013,1,6-Aug-14,2014,1,0,1,alive,2.36,3.81,,420,392,405,,,,,370,
,,GRSP,306,GRSP_306,Wilunga2013,1,6-Aug-14,2014,2,1,2,alive,1.3168,2.5547,,293,,,,,,,,
,,GRSP,306,GRSP_306,Wilunga2013,1,6-Aug-14,2014,3,2,3,alive,0.3824,0.7654,,151,,,,,,,,
,,GRSP,306,GRSP_306,Wilunga2013,1,6-Aug-14,2014,4,3,4,alive,0.0935,0.2351,,94,,,,,,,,
,,GRSP,307,GRSP_307,Wilunga2013,1,27-Jun-13,2013,1,0,1,alive,,,,149,146,146,,,,,57,
,,GRSP,307,GRSP_307,Wilunga2013,1,6-Aug-14,2014,1,0,1,alive,1.2392,2.2613,,350,373,364,,,,,283,
,,GRSP,307,GRSP_307,Wilunga2013,1,6-Aug-14,2014,2,1,2,alive,0.9721,1.6436,,253,,,,,,,,
,,GRSP,307,GRSP_307,Wilunga2013,1,6-Aug-14,2014,3,2,3,alive,0.1943,0.4197,,150,,,,,,,,
,,GRSP,312,GRSP_312,Wilunga2013,1,27-Jun-13,2013,1,0,1,alive,,,,142,149,142,,,,,117,
,,GRSP,312,GRSP_312,Wilunga2013,1,6-Aug-14,2014,1,0,1,alive,0.861,0.5014,,413,411,421,,,,,380,
,,GRSP,312,GRSP_312,Wilunga2013,1,6-Aug-14,2014,2,1,2,alive,1.79,5.07,,314,,,,,,,,
,,GRSP,312,GRSP_312,Wilunga2013,1,6-Aug-14,2014,3,2,3,alive,0.3954,1.2228,,170,,,,,,,,
,,GRSP,314,GRSP_314,Wilunga2013,1,27-Jun-13,2013,1,0,1,alive,,,,155,157,167,,,,,136,
,,GRSP,314,GRSP_314,Wilunga2013,1,6-Aug-14,2014,1,0,1,alive,2.41,3.83,,440,450,440,,,,,540,
,,GRSP,314,GRSP_314,Wilunga2013,1,6-Aug-14,2014,2,1,2,alive,2.17,4.32,,390,,,,,,,,
,,GRSP,314,GRSP_314,Wilunga2013,1,6-Aug-14,2014,3,2,3,alive,1.5129,3.1821,,282,,,,,,,,
,,GRSP,314,GRSP_314,Wilunga2013,1,6-Aug-14,2014,4,3,4,alive,0.1021,0.3249,,108,,,,,,,,
,,GRSP,315,GRSP_315,Wilunga2013,1,27-Jun-13,2013,1,0,1,alive,,,,131,145,140,,,,,88,
,,GRSP,315,GRSP_315,Wilunga2013,1,6-Aug-14,2014,1,0,1,alive,0.337,1.0388,,198,198,195,,,,,240,
,,GRSP,315,GRSP_315,Wilunga2013,1,6-Aug-14,2014,2,1,2,alive,0.1441,0.4146,,130,,,,,,,,
,,GRSP,316,GRSP_316,Wilunga2013,1,27-Jun-13,2013,1,0,1,alive,,,,135,129,,,,,,80,
,,GRSP,316,GRSP_316,Wilunga2013,1,6-Aug-14,2014,1,0,1,alive,0.8247,0.461,,482,485,480,,,,,385,
,,GRSP,316,GRSP_316,Wilunga2013,1,6-Aug-14,2014,2,1,2,alive,2.52,6.55,,376,,,,,,,,
,,GRSP,316,GRSP_316,Wilunga2013,1,6-Aug-14,2014,3,2,3,alive,0.6474,1.2354,,305,,,,,,,,
,,GRSP,316,GRSP_316,Wilunga2013,1,6-Aug-14,2014,4,3,4,alive,0.7608,2.3356,,207,,,,,,,,
,,HATE,302,HATE_302,Wilunga2013,1,18-Jun-13,2013,1,0,1,alive,,,,217,212,208,,,,,125,
,,HATE,302,HATE_302,Wilunga2013,1,6-Aug-14,2014,1,0,1,alive,1.0646,2.1902,,475,468,480,,,,,304,
,,HATE,302,HATE_302,Wilunga2013,1,6-Aug-14,2014,2,1,2,alive,0.4656,2.5592,,340,,,,,,,,
,,HATE,302,HATE_302,Wilunga2013,1,6-Aug-14,2014,3,2,3,alive,0.2962,1.6141,,214,,,,,,,,
,,HATE,304,HATE_304,Wilunga2013,1,18-Jun-13,2013,1,0,1,alive,,,,288,268,250,,,,,162,
,,HATE,304,HATE_304,Wilunga2013,1,6-Aug-14,2014,1,0,1,alive,2.9253,6.2716,,653,649,607,,,,,685,
,,HATE,304,HATE_304,Wilunga2013,1,6-Aug-14,2014,2,1,2,alive,2.301,5.3387,,468,,,,,,,,
,,HATE,304,HATE_304,Wilunga2013,1,6-Aug-14,2014,3,2,3,alive,0.7914,1.6874,,281,,,,,,,,
,,HATE,306,HATE_306,Wilunga2013,1,18-Jun-13,2013,1,0,1,alive,,,,132,131,133,,,,,103,
,,HATE,306,HATE_306,Wilunga2013,1,6-Aug-14,2014,1,0,1,alive,0.5617,0.4527,,334,346,338,,,,,660,
,,HATE,306,HATE_306,Wilunga2013,1,6-Aug-14,2014,2,1,2,alive,0.9031,2.4229,,286,,,,,,,,
,,HATE,306,HATE_306,Wilunga2013,1,6-Aug-14,2014,3,2,3,alive,0.2705,0.8497,,159,,,,,,,,
,,HATE,307,HATE_307,Wilunga2013,1,18-Jun-13,2013,1,0,1,alive,,,,124,118,109,,,,,38,
,,HATE,307,HATE_307,Wilunga2013,1,6-Aug-14,2014,1,0,1,alive,0.2126,0.0626,,378,419,371,,,,,280,
,,HATE,307,HATE_307,Wilunga2013,1,6-Aug-14,2014,2,1,2,alive,0.2423,0.5715,,265,,,,,,,,
,,HATE,307,HATE_307,Wilunga2013,1,6-Aug-14,2014,3,2,3,alive,0.3072,1.9311,,210,,,,,,,,
,,HATE,308,HATE_308,Wilunga2013,1,18-Jun-13,2013,1,0,1,alive,,,,134,130,132,,,,,100,
,,HATE,308,HATE_308,Wilunga2013,1,6-Aug-14,2014,1,0,1,alive,0.489,0.4255,,305,315,329,,,,,468,
,,HATE,308,HATE_308,Wilunga2013,1,6-Aug-14,2014,2,1,2,alive,0.3459,1.0672,,235,,,,,,,,
,,HATE,308,HATE_380,Wilunga2013,1,6-Aug-14,2014,3,2,3,alive,0.1868,1.1598,,166,,,,,,,,
,,HATE,310,HATE_310,Wilunga2013,1,27-Jun-13,2013,1,0,1,alive,,,,238,237,236,,,,,123,
,,HATE,310,HATE_310,Wilunga2013,1,7-Aug-14,2014,1,0,1,alive,0.7152,0.5236,,410,404,406,,,,,300,
,,HATE,310,HATE_310,Wilunga2013,1,7-Aug-14,2014,2,1,2,alive,0.0978,0.4788,,204,,,,,,,,
,,HATE,310,HATE_310,Wilunga2013,1,7-Aug-14,2014,3,2,3,alive,0.0662,0.7386,,133,,,,,,,,
,,HATE,310,HATE_310,Wilunga2013,1,7-Aug-14,2014,1.2,1,9,alive,0.338,1.389,,198,,,,,,,,
,,HATE,311,HATE_311,Wilunga2013,1,27-Jun-13,2013,1,0,1,alive,,,,147,139,141,,,,,102,
,,HATE,311,HATE_311,Wilunga2013,1,7-Aug-14,2014,1,0,1,alive,0.4532,0.7182,,305,309,326,,,,,382,
,,HATE,311,HATE_311,Wilunga2013,1,7-Aug-14,2014,2,1,2,alive,0.2406,1.0404,,212,,,,,,,,
,,HATE,311,HATE_311,Wilunga2013,1,7-Aug-14,2014,3,2,3,alive,0.2787,1.6758,,188,,,,,,,,
,,HATE,312,HATE_312,Wilunga2013,1,27-Jun-13,2013,1,0,1,alive,,,,162,166,146,,,,,110,
,,HATE,312,HATE_312,Wilunga2013,1,7-Aug-14,2014,1,0,1,alive,0.4662,0.2497,,305,299,290,,,,,298,
,,HATE,312,HATE_312,Wilunga2013,1,7-Aug-14,2014,2,1,2,alive,0.1594,1.058,,229,,,,,,,,
,,HATE,312,HATE_312,Wilunga2013,1,7-Aug-14,2014,3,2,3,alive,0.2464,1.5935,,179,,,,,,,,
,,PELA,301,PELA_301,Wilunga2013,1,27-Jun-13,2013,1,0,1,alive,,,,139,149,147,,,,,10,
,,PELA,301,PELA_301,Wilunga2013,1,6-Aug-14,2014,1,0,1,alive,0.0404,0.0311,,168,168,159,,,,,36,
,,PELA,301,PELA_301,Wilunga2013,1,6-Aug-14,2014,2,1,2,alive,0.0078,0.0536,,101,,,,,,,,
,,PELA,302,PELA_302,Wilunga2013,1,27-Jun-13,2013,1,0,1,alive,,,,182,178,175,,,,,15,
,,PELA,302,PELA_302,Wilunga2013,1,6-Aug-14,2014,1,0,1,alive,0.0437,0.0387,,195,179,175,,,,,36,
,,PELA,302,PELA_302,Wilunga2013,1,6-Aug-14,2014,2,1,2,alive,0.0207,0.0961,,135,,,,,,,,
,,PELA,303,PELA_303,Wilunga2013,1,27-Jun-13,2013,1,0,1,alive,,,,179,176,,,,,,17,
,,PELA,303,PELA_303,Wilunga2013,1,6-Aug-14,2014,1,0,1,alive,0.0751,0.023,,264,272,270,,,,,158,
,,PELA,303,PELA_303,Wilunga2013,1,6-Aug-14,2014,2,1,2,alive,0.182,1.0081,,256,,,,,,,,
,,PELA,303,PELA_303,Wilunga2013,1,6-Aug-14,2014,3,2,3,alive,0.1369,0.9224,,205,,,,,,,,
,,PELA,305,PELA_305,Wilunga2013,1,27-Jun-13,2013,1,0,1,alive,,,,128,,,,,,,12,
,,PELA,305,PELA_305,Wilunga2013,1,6-Aug-14,2014,1,0,1,alive,0.0282,0.0251,,170,158,169,,,,,62,
,,PELA,305,PELA_305,Wilunga2013,1,6-Aug-14,2014,2,1,2,alive,0.0615,0.4013,,160,,,,,,,,
,,PELA,305,PELA_305,Wilunga2013,1,6-Aug-14,2014,3,2,3,alive,0.0192,0.1612,,120,,,,,,,,
,,PELA,306,PELA_306,Wilunga2013,1,27-Jun-13,2013,1,0,1,alive,,,,171,,,,,,,10,problem with initial diameter
,,PELA,306,PELA_306,Wilunga2013,1,6-Aug-14,2014,1,0,1,alive,0.0183,0.011,,144,135,140,,,,,55,problem with initial diameter
,,PELA,306,PELA_306,Wilunga2013,1,6-Aug-14,2014,2,1,2,alive,0.0479,0.2377,,129,,,,,,,,
,,PELA,308,PELA_308,Wilunga2013,1,27-Jun-13,2013,1,0,1,alive,,,,112,,,,,,,8,
,,PELA,308,PELA_308,Wilunga2013,1,6-Aug-14,2014,1,0,1,alive,0.025,0.0403,,159,155,152,,,,,56,
,,PELA,308,PELA_308,Wilunga2013,1,6-Aug-14,2014,2,1,2,alive,0.0503,0.5636,,138,,,,,,,,
,,PELA,308,PELA_308,Wilunga2013,1,6-Aug-14,2014,3,2,3,alive,0.0148,0.0541,,105,,,,,,,,
,,PELA,321,PELA_321,Wilunga2013,1,3-Sep-13,2013,1,0,1,alive,,,,123,,,,,,,34,
,,PELA,321,PELA_321,Wilunga2013,1,6-Aug-14,2014,1,0,1,alive,0.1057,0.2251,,249,266,256,,,,,82,
,,PELA,321,PELA_321,Wilunga2013,1,6-Aug-14,2014,2,1,2,alive,0.0775,0.4582,,217,,,,,,,,
,,PELA,321,PELA_321,Wilunga2013,1,6-Aug-14,2014,3,2,3,alive,0.0363,0.4192,,123,,,,,,,,
,,PELA,322,PELA_322,Wilunga2013,1,3-Sep-13,2013,1,0,1,alive,,,,140,,,,,,,24,
,,PELA,322,PELA_322,Wilunga2013,1,6-Aug-14,2014,1,0,1,alive,0.0341,0.0302,,195,196,188,,,,,40,
,,PELA,322,PELA_322,Wilunga2013,1,6-Aug-14,2014,2,1,2,alive,0.0296,0.3223,,159,,,,,,,,
,,PEPU,301,PEPU_301,Wilunga2013,1,18-Jun-13,2013,1,0,1,alive,,,,91,,,,,,,23,
,,PEPU,301,PEPU_301,Wilunga2013,1,6-Aug-14,2014,1,0,1,alive,0.0216,0,,137,141,141,,,,,48,
,,PEPU,301,PEPU_301,Wilunga2013,1,6-Aug-14,2014,2,1,2,alive,0.0218,0.0807,,123,,,,,,,,
,,PEPU,301,PEPU_301,Wilunga2013,1,6-Aug-14,2014,3,2,3,alive,0.0109,0.1268,,78,,,,,,,,
,,PEPU,302,PEPU_302,Wilunga2013,1,18-Jun-13,2013,1,0,1,alive,,,,97,,,,,,,29,
,,PEPU,302,PEPU_302,Wilunga2013,1,6-Aug-14,2014,1,0,1,alive,0.0447,0.0144,,138,138,142,,,,,72,
,,PEPU,302,PEPU_302,Wilunga2013,1,6-Aug-14,2014,2,1,2,alive,0.0361,0.275,,124,,,,,,,,
,,PEPU,302,PEPU_302,Wilunga2013,1,6-Aug-14,2014,3,2,3,alive,0.0259,0.3733,,90,,,,,,,,
,,PEPU,303,PEPU_303,Wilunga2013,1,18-Jun-13,2013,1,0,1,alive,,,,100,110,105,,,,,32,
,,PEPU,303,PEPU_303,Wilunga2013,1,6-Aug-14,2014,1,0,1,alive,0.0569,0.0466,,185,188,202,,,,,90,
,,PEPU,303,PEPU_303,Wilunga2013,1,6-Aug-14,2014,2,1,2,alive,0.0446,0.3859,,158,,,,,,,,
,,PEPU,303,PEPU_303,Wilunga2013,1,6-Aug-14,2014,3,2,3,alive,0.023,0.4483,,140,,,,,,,,
,,PEPU,305,PEPU_305,Wilunga2013,1,18-Jun-13,2013,1,0,1,alive,,,,102,105,97,,,,,30,
,,PEPU,305,PEPU_305,Wilunga2013,1,7-Aug-14,2014,1,0,1,alive,0.0525,0.010877,,174,172,170,,,,,125,
,,PEPU,305,PEPU_305,Wilunga2013,1,7-Aug-14,2014,2,1,2,alive,0.0453,0.3066,,130,,,,,,,,
,,PEPU,305,PEPU_305,Wilunga2013,1,7-Aug-14,2014,3,2,3,alive,0.0285,0.3486,,117,,,,,,,,
,,PEPU,307,PEPU_307,Wilunga2013,1,18-Jun-13,2013,1,0,1,alive,,,,80,92,85,,,,,42,
,,PEPU,307,PEPU_307,Wilunga2013,1,6-Aug-14,2014,1,0,1,alive,0.0572,0.0895,,155,159,155,,,,,110,
,,PEPU,307,PEPU_307,Wilunga2013,1,6-Aug-14,2014,2,1,2,alive,0.0269,0.3063,,108,,,,,,,,
,,PEPU,307,PEPU_307,Wilunga2013,1,6-Aug-14,2014,3,2,3,alive,0.0224,0.2514,,88,,,,,,,,
,,PEPU,310,PEPU_310,Wilunga2013,1,27-Jun-13,2013,1,0,1,alive,,,,96,,,,,,,21,
,,PEPU,310,PEPU_310,Wilunga2013,1,6-Aug-14,2014,1,0,1,alive,0.0241,0,,131,124,136,,,,,53,
,,PEPU,310,PEPU_310,Wilunga2013,1,6-Aug-14,2014,2,1,2,alive,0.025,0.1655,,114,,,,,,,,
,,PEPU,310,PEPU_310,Wilunga2013,1,6-Aug-14,2014,3,2,3,alive,0.0079,0.0845,,54,,,,,,,,
,,PEPU,313,PEPU_313,Wilunga2013,1,27-Jun-13,2013,1,0,1,alive,,,,109,,,,,,,31,
,,PEPU,313,PEPU_313,Wilunga2013,1,6-Aug-14,2014,1,0,1,alive,0.0835,0.1092,,219,220,216,,,,,117,
,,PEPU,313,PEPU_313,Wilunga2013,1,6-Aug-14,2014,2,1,2,alive,0.0943,0.6735,,174,,,,,,,,
,,PEPU,313,PEPU_313,Wilunga2013,1,6-Aug-14,2014,3,2,3,alive,0.0536,0.7809,,153,,,,,,,,
,,PEPU,315,PEPU_315,Wilunga2013,1,27-Jun-13,2013,1,0,1,alive,,,,92,,,,,,,20,
,,PEPU,315,PEPU_315,Wilunga2013,1,6-Aug-14,2014,1,0,1,alive,0.0241,0,,129,129,113,,,,,65,
,,PEPU,315,PEPU_315,Wilunga2013,1,6-Aug-14,2014,2,1,2,alive,0.0178,0.0746,,102,,,,,,,,
,,PEPU,315,PEPU_315,Wilunga2013,1,6-Aug-14,2014,3,2,3,alive,0.0226,0.2376,,87,,,,,,,,
,,PILI,303,PILI_303,Wilunga2013,1,27-Jun-13,2013,1,0,1,alive,,,,32,,,,,,,17,
,,PILI,303,PILI_303,Wilunga2013,1,6-Aug-14,2014,1,0,1,alive,0.0549,0.0688,,139,143,144,,,,,225,
,,PILI,303,PILI_303,Wilunga2013,1,6-Aug-14,2014,2,1,2,alive,0.021,0.0341,,91,,,,,,,,
,,PILI,303,PILI_303,Wilunga2013,1,6-Aug-14,2014,3,2,3,alive,0.0361,0.122,,80,,,,,,,,
,,PILI,303,PILI_303,Wilunga2013,1,6-Aug-14,2014,1.2,1,9,alive,0.1077,0.1804,,106,,,,,,,,
,,PILI,304,PILI_304,Wilunga2013,1,27-Jun-13,2013,1,0,1,alive,,,,35,,,,,,,25,
,,PILI,304,PILI_304,Wilunga2013,1,7-Aug-14,2014,1,0,1,alive,0.0104,0.0117,,65,69,70,,,,,87,
,,PILI,304,PILI_304,Wilunga2013,1,7-Aug-14,2014,2,1,2,alive,0.0103,0.033,,43,,,,,,,,
,,PILI,305,PILI_305,Wilunga2013,1,27-Jun-13,2013,1,0,1,alive,,,,43,,,,,,,42,
,,PILI,305,PILI_305,Wilunga2013,1,7-Aug-14,2014,1,0,1,alive,0.0867,0.001673,,202,206,198,,,,,542,
,,PILI,305,PILI_305,Wilunga2013,1,7-Aug-14,2014,2,1,2,alive,0.0759,0.0132,,156,,,,,,,,
,,PILI,305,PILI_305,Wilunga2013,1,7-Aug-14,2014,3,2,3,alive,0.2749,0.1434,,151,,,,,,,,
,,PILI,305,PILI_305,Wilunga2013,1,7-Aug-14,2014,4,3,4,alive,0.1199,0.1229,,107,,,,,,,,
,,PILI,306,PILI_306,Wilunga2013,1,27-Jun-13,2013,1,0,1,alive,,,,48,,,,,,,37,
,,PILI,306,PILI_306,Wilunga2013,1,7-Aug-14,2014,1,0,1,alive,0.1272,0.1688,,195,194,199,,,,,372,
,,PILI,306,PILI_306,Wilunga2013,1,7-Aug-14,2014,2,1,2,alive,0.2284,0.2054,,151,,,,,,,,
,,PILI,310,PILI_310,Wilunga2013,1,27-Jun-13,2013,1,0,1,alive,,,,79,,,,,,,45,
,,PILI,310,PILI_310,Wilunga2013,1,6-Aug-14,2014,1,0,1,alive,0.4717,0.4932,,294,292,302,,,,,280,
,,PILI,310,PILI_310,Wilunga2013,1,6-Aug-14,2014,2,1,2,alive,0.2226,0.1635,,156,,,,,,,,
,,PILI,310,PILI_310,Wilunga2013,1,6-Aug-14,2014,3,2,3,alive,0.0559,0.084,,102,,,,,,,,
,,PILI,310,PILI_310,Wilunga2013,1,6-Aug-14,2014,4,3,4,alive,0.0623,0.1217,,80,,,,,,,,
,,PILI,312,PILI_312,Wilunga2013,1,27-Jun-13,2013,1,0,1,alive,,,,43,,,,,,,32,
,,PILI,312,PILI_312,Wilunga2013,1,6-Aug-14,2014,1,0,1,alive,0.0398,0.0826,,106,100,109,,,,,203,
,,PILI,312,PILI_312,Wilunga2013,1,6-Aug-14,2014,2,1,2,alive,0.0496,0.0973,,42,,,,,,,,
,,PILI,313,PILI_313,Wilunga2013,1,28-Jun-13,2013,1,0,1,alive,,,,45,,,,,,,23,
,,PILI,313,PILI_313,Wilunga2013,1,7-Aug-14,2014,1,0,1,alive,0.013,0,,95,86,101,,,,,182,
,,PILI,313,PILI_313,Wilunga2013,1,7-Aug-14,2014,2,1,2,alive,0.0228,0.0527,,66,,,,,,,,
,,PILI,313,PILI_313,Wilunga2013,1,7-Aug-14,2014,3,2,3,alive,0.0127,0.0308,,43,,,,,,,,
,,PILI,316,PILI_316,Wilunga2013,1,28-Jun-13,2013,1,0,1,alive,,,,40,,,,,,,18,
,,PILI,316,PILI_316,Wilunga2013,1,7-Aug-14,2014,1,0,1,alive,0.0106,0,,85,90,88,,,,,255,
,,PILI,316,PILI_316,Wilunga2013,1,7-Aug-14,2014,2,1,2,alive,0.0292,0.0193,,76,,,,,,,,
,,PILI,316,PILI_316,Wilunga2013,1,7-Aug-14,2014,3,2,3,alive,0.0448,0.0643,,61,,,,,,,,
,,PILI,316,PILI_316,Wilunga2013,1,7-Aug-14,2014,4,3,4,alive,0.0134,0.0262,,35,,,,,,,,
,,PUTU,301,PUTU_301,Wilunga2013,1,18-Jun-13,2013,1,0,1,alive,,,,82,81,79,,,,,60,
,,PUTU,301,PUTU_301,Wilunga2013,1,6-Aug-14,2014,1,0,1,alive,0.2842,0.5025,,194,186,195,,,,,255,
,,PUTU,301,PUTU_301,Wilunga2013,1,6-Aug-14,2014,2,1,2,alive,0.1589,0.3312,,151,,,,,,,,
,,PUTU,301,PUTU_301,Wilunga2013,1,6-Aug-14,2014,3,2,3,alive,0.087,0.2424,,125,,,,,,,,
,,PUTU,302,PUTU_302,Wilunga2013,1,18-Jun-13,2013,1,0,1,alive,,,,71,68,,,,,,22,
,,PUTU,302,PUTU_302,Wilunga2013,1,6-Aug-14,2014,1,0,1,alive,0.0613,0,,196,195,191,,,,,123,
,,PUTU,302,PUTU_302,Wilunga2013,1,6-Aug-14,2014,2,1,2,alive,0.2857,0.6166,,188,,,,,,,,
,,PUTU,302,PUTU_302,Wilunga2013,1,6-Aug-14,2014,3,2,3,alive,0.0641,0.177,,118,,,,,,,,
,,PUTU,303,PUTU_303,Wilunga2013,1,18-Jun-13,2013,1,0,1,alive,,,,90,90,89,,,,,60,
,,PUTU,303,PUTU_303,Wilunga2013,1,6-Aug-14,2014,1,0,1,alive,1.1086,1.197,,406,430,412,,,,,348,
,,PUTU,303,PUTU_303,Wilunga2013,1,18-Jun-13,2013,2,1,2,alive,,,,98,,,,,,,,
,,PUTU,303,PUTU_303,Wilunga2013,1,6-Aug-14,2014,2,1,2,alive,0.5727,0.6833,,254,,,,,,,,
,,PUTU,303,PUTU_303,Wilunga2013,1,6-Aug-14,2014,3,2,3,alive,0.2004,0.5388,,152,,,,,,,,
,,PUTU,304,PUTU_304,Wilunga2013,1,18-Jun-13,2013,1,0,1,alive,,,,172,162,175,,,,,78,
,,PUTU,304,PUTU_304,Wilunga2013,1,6-Aug-14,2014,1,0,1,alive,0.6801,0.8913,,414,425,396,,,,,236,
,,PUTU,304,PUTU_304,Wilunga2013,1,18-Jun-13,2013,2,1,2,alive,,,,130,,,,,,,,
,,PUTU,304,PUTU_304,Wilunga2013,1,6-Aug-14,2014,2,1,2,alive,0.3017,0.3838,,317,,,,,,,,
,,PUTU,304,PUTU_304,Wilunga2013,1,18-Jun-13,2013,3,2,3,alive,,,,121,,,,,,,,
,,PUTU,304,PUTU_304,Wilunga2013,1,6-Aug-14,2014,3,2,3,alive,0.3498,0.5564,,230,,,,,,,,
,,PUTU,304,PUTU_304,Wilunga2013,1,6-Aug-14,2014,4,3,4,alive,0.2864,0.4305,,201,,,,,,,,
,,PUTU,304,PUTU_304,Wilunga2013,1,6-Aug-14,2014,5,4,5,alive,0.0886,0.2495,,127,,,,,,,,
,,PUTU,305,PUTU_305,Wilunga2013,1,18-Jun-13,2013,1,0,1,alive,,,,113,114,112,,,,,77,
,,PUTU,305,PUTU_305,Wilunga2013,1,7-Aug-14,2014,1,0,1,alive,0.167,0.1972,,220,203,213,,,,,252,
,,PUTU,305,PUTU_305,Wilunga2013,1,7-Aug-14,2014,2,1,2,alive,0.1111,0.0745,,135,,,,,,,,
,,PUTU,305,PUTU_305,Wilunga2013,1,7-Aug-14,2014,3,2,3,alive,0.1417,0.3508,,121,,,,,,,,
,,PUTU,307,PUTU_307,Wilunga2013,1,18-Jun-13,2013,1,0,1,alive,,,,80,76,84,,,,,58,
,,PUTU,307,PUTU_307,Wilunga2013,1,6-Aug-14,2014,1,0,1,alive,2.88,4.41,,462,465,447,,,,,890,
,,PUTU,307,PUTU_307,Wilunga2013,1,18-Jun-13,2013,2,1,2,alive,,,,77,,,,,,,,
,,PUTU,307,PUTU_307,Wilunga2013,1,6-Aug-14,2014,2,1,2,alive,1.2377,2.0159,,252,,,,,,,,
,,PUTU,307,PUTU_307,Wilunga2013,1,6-Aug-14,2014,3,2,3,alive,0.203,0.5129,,165,,,,,,,,
,,PUTU,308,PUTU_308,Wilunga2013,1,27-Jun-13,2013,1,0,1,alive,,,,65,70,58,,,,,15,
,,PUTU,308,PUTU_308,Wilunga2013,1,6-Aug-14,2014,1,0,1,alive,0.2384,0.3754,,241,262,254,,,,,185,
,,PUTU,308,PUTU_308,Wilunga2013,1,6-Aug-14,2014,2,1,2,alive,0.5127,0.9787,,207,,,,,,,,
,,PUTU,308,PUTU_308,Wilunga2013,1,6-Aug-14,2014,3,2,3,alive,0.0343,0.1485,,126,,,,,,,,
,,PUTU,309,PUTU_309,Wilunga2013,1,27-Jun-13,2013,1,0,1,alive,,,,71,57,,,,,,18,
,,PUTU,309,PUTU_309,Wilunga2013,1,6-Aug-14,2014,1,0,1,alive,0.0499,0.0716,,151,152,164,,,,,128,
,,PUTU,309,PUTU_309,Wilunga2013,1,6-Aug-14,2014,2,1,2,alive,0.1494,0.3067,,129,,,,,,,,
,,PUTU,309,PUTU_309,Wilunga2013,1,6-Aug-14,2014,3,2,3,alive,0.0467,0.1545,,96,,,,,,,,
,,PUTU,153,PUTU_153,Waratah2011,3,30-Jul-14,2014,,,,dead,0.0339,0,,,,,,,,,,
,,PHPH,163,PHPH_163,Waratah2011,3,30-Jul-14,2014,,,,dead,0.1623,0,,,,,,,,,,
,,PHPH,164,PHPH_164,Waratah2011,3,30-Jul-14,2014,,,,dead,0.1127,0,,,,,,,,,,
,,PHPH,167,PHPH_167,Waratah2011,3,30-Jul-14,2014,,,,dead,0.0373,0,,,,,,,,,,
,,GRSP,156,GRSP_156,Waratah2011,3,31-Jul-14,2014,,,,dead,0.0805,0,,,,,,,,,,
,,EPMI,155,EPMI_155,Waratah2011,3,31-Jul-14,2014,,,,dead,0.0027,0,,,,,,,,,,
,,GRBU,151,GRBU_151,Waratah2011,3,30-Jul-14,2014,,,,dead,0.1019,0,,,,,,,,,,
,,GRBU,152,GRBU_152,Waratah2011,3,30-Jul-14,2014,,,,dead,0.0715,0,,,,,,,,,,
,,GRBU,153,GRBU_153,Waratah2011,3,30-Jul-14,2014,,,,dead,0.0617,0,,,,,,,,,,
,,BAER,154,BAER_154,Waratah2011,3,31-Jul-14,2014,,,,dead,0.0346,0,,,,,,,,,,
,,GRBU,313,GRBU_313,Wilunga2013,1,7-Aug-14,2014,,,,dead,0.0223,0,,,,,,,,,,
,,GRSP,306,GRSP_306,Wilunga2013,1,6-Aug-14,2014,,,,dead,0.032,0,,,,,,,,,,
,,GRBU,306,GRBU_306,Wilunga2013,1,7-Aug-14,2014,,,,dead,0.0669,0,,,,,,,,,,
,,GRBU,311,GRBU_311,Wilunga2013,1,7-Aug-14,2014,,,,dead,0.0264,0,,,,,,,,,,
,,GRBU,305,GRBU_305,Wilunga2013,1,7-Aug-14,2014,,,,dead,0.0474,0,,,,,,,,,,
