species,replicate,site,tag_ID,d_start,d_end,length_start,new_length,segment,lvs_start_length,lvs_start_count,lvs_finish_length,lvs_end_count,lvs_new,lvs_new_count,,new&shed,80.10%,,mm,leaves,lvs per mm,
BAER,1,Basin2005,BAER_001,130,262,117,70,N/A - bn 4&5,235,100,177,,70,,,,,,,,,
BAER,2,Basin2005,BAER_002,179,337,188,128,3,365,,188,30,128,,,,,,,,,
BAER,3,Basin2005,BAER_003,184,315,263,184,4,559,,300,4,184,,,,,,,,,
BAER,4,Basin2005,BAER_004,170,437,158,138,5,330,,158,32,138,,,,,,,,,
BAER,5,Basin2005,BAER_005,109,260,70,82,5,351,,195,14,82,,,,,,,,,
BAER,6,Basin2005,BAER_006,156,265,156,114,4,454,,283,39,114,,,,,,,,,
BAER,7,Basin2005,BAER_007,174,218,120,62,5,320,90,120,64,62,,,,,,,,,
BAER,101,Waratah2011,BAER_101,222,318,185,110,1,,88,,54,110,,,,,counts of juvenile leaves,,,,
BAER,102,Waratah2011,BAER_102,100,239,68,62,1,,18,,2,28,12,,,,counts of juvenile leaves,,,,
BAER,103,Waratah2011,BAER_103,132,215,90,124,1,,22,,12,124,,,,,counts of juvenile leaves,,,,
BAER,104,Waratah2011,BAER_104,99,215,67,176,NA,,32,,17,141,22,,,,counts of juvenile leaves,,,,
BAER,105,Waratah2011,BAER_105,177,460,135,237,1,,43,,20,237,,,,,counts of juvenile leaves,,,,
BAER,106,Waratah2011,BAER_106,139,282,95,105,1,77,,,3,80,6,,,,initial length = juv leaves,,,,
BAER,107,Waratah2011,BAER_107,62,149,38,85,2,,22,,10,81,2,,,,,,,,
BAER,151,Waratah2011,BAER_151,222,392,360,172,2,360,40,280,3,172,,,,,leaf counts are juvenile leaves,,,,
BAER,152,Waratah2011,BAER_152,194,414,280,161,3,280,34,265,11,161,,,,,leaf counts are juvenile leaves,,,,
BAER,153,Waratah2011,BAER_153,369,735,735,365,2,885,,670,,365,,,,,"some of initial length (up to 150 mm worth, but probably less than that) would have been juvenile leaves",,,,
BAER,154,Waratah2011,BAER_154,202,281,40,393,3,485,,310,4,393,,,,,leaf counts are juvenile leaves,,,,
BAER,155,Waratah2011,BAER_155,182,456,285,269,2,475,,285,,269,,,,,"some of initial length (up to 190 mm worth, but probably less than that) would have been juvenile leaves",,,,
BAER,156,Waratah2011,BAER_156,84,312,40,197,3,427,,250,,197,,,,,,,,,
BAER,157,Waratah2011,BAER_157,181,353,217,107,3,217,62,55,3,107,,,,,,,,,
BAER,301,Wilunga2012,BAER_301,149,434.33,92,312,1,,30,,6,312,,,,,leaf counts = juvenile leaves,,,,
BAER,302,Wilunga2012,BAER_302,168.33,694.67,123,460,1,,38,,12,460,,,,,leaf counts = juvenile leaves,,,,
BAER,303,Wilunga2012,BAER_303,155,473.67,67,238,1,,24,,6,238,,,,,leaf counts = juvenile leaves,,,,
BAER,306,Wilunga2012,BAER_306,146.67,326.67,52,156,1,,10,,0,96,6,,14,,leaf counts = juvenile leaves,,,,
BAER,308,Wilunga2012,BAER_308,142.67,464.67,88,275,1,,23,,13,256,7,,,,leaf counts = juvenile leaves,,,,
BAER,309,Wilunga2012,BAER_309,127.67,448,41,204,1,,10,,4,150,10,,30,,leaf counts = juvenile leaves,,,,
BAER,311,Wilunga2012,BAER_311,196.67,505,106,204,1,,36,,29,195,,,,,leaf counts = juvenile leaves,,,,
BAER,315,Wilunga2012,BAER_315,194.33,507.33,100,274,1,,37,,15,266,,,,,leaf counts = juvenile leaves,,,,
BAER,401,Basin2007,BAER_401,119,183,110,50,3,291,,170,,50,,,,,,,,,
BAER,402,Basin2007,BAER_402,93,150,89,77,3,159,,119,,77,,,,,,,,,
BAER,403,Basin2007,BAER_403,116,226,105,92,3,190,5,160,,92,,,,,,,,,
BAER,404,Basin2007,BAER_404,155,188,136,45,3,261,7,105,5,45,,,,,,,,,
BAER,405,Basin2007,BAER_405,174,293,210,135,3,418,,190,41,135,,,,,,,,,
BAER,406,Basin2007,BAER_406,114,179,105,85,3,170,15,105,,85,,,,,,,,,
BAER,407,Basin2007,BAER_407,95,166,81,57,3,106,,70,4,57,,,,,,,,,
BAER,801,Waratah2003,BAER_801,193,302,146,121,5,489,40,,66,121,,,,,,,,,
BAER,802,Waratah2003,BAER_802,125,309,133,160,4,434,,133,36,160,,,,,,,,,
BAER,803,Waratah2003,BAER_803,126,204,75,122,5,380,7,75,39,122,,,,,,,,,
BAER,804,Waratah2003,BAER_804,139,235,81,80,5,401,7,81,16,80,,,,,"not longest new shoot, but others already shedding, assuming damaged; info for others on map",,,,
BAER,805,Waratah2003,BAER_805,116,183,78,70,4,286,53,78,1,70,,,,,,,,,
BAER,806,Waratah2003,BAER_806,149,217,90,117,5,446,33,48,25,117,,,,,,,,,
BAER,807,Waratah2003,BAER_807,144,211,127,55,N/A - bn 3&4,262,48,237,21,55,,,,,,,,,
BAER,901,Basin1981,BAER_901,233,366,300,138,N/A - above highest cut,430,19,250,,138,,,,0.00%,,,,,
BAER,902,Basin1981,BAER_902,167,298,155,135,5,495,,,53,135,,,,,,,,,
BAER,903,Basin1981,BAER_903,227,318,135,145,6,492,16,,89,120,,,25,,,,,,
BAER,904,Basin1981,BAER_904,163,301,175,135,5,547,,250,65,135,,,,,,,,,
BAER,905,Basin1981,BAER_905,126,169,77,40,n/A above 5,396,,142,,40,,,,,,,,,
BAER,906,Basin1981,BAER_906,176,220,168,147,5,473,,168,15,147,,,,,,,,,
BAER,907,Basin1981,BAER_907,143,321,102,145,5,299,8,160,2,145,,,,,,,,,
BOLE,1,Basin2005,BOLE_001,176,183,178,27,N/A - bn 2&3,,26,,6,,7,,,,,,,,
BOLE,2,Basin2005,BOLE_002,147,159,127,145,2,,8,,4,,12,,,,,,,,
BOLE,3,Basin2005,BOLE_003,206,236,325,8,2,,5,,2,,4,,,,,,,,
BOLE,4,Basin2005,BOLE_004,130,153,189,49,3,,5,,3,,3,,,,,,,,
BOLE,6,Basin2005,BOLE_006,115,172,128,84,2,,7,,0,,12,,,,,,,,
BOLE,7,Basin2005,BOLE_007,150,161,102,28,2,,16,,0,,10,,,,"leaf number approximate, because chose different leader following year; initial diameter also approx",,,,
BOLE,8,Basin2005,BOLE_008,118,149,105,30,3,16,,5,,8,,,,,,,,,
BOLE,101,Waratah2011,BOLE_101,60,167,30,103,1,,10,,0,,22,,,,,,,,
BOLE,105,Waratah2011,BOLE_105,64,488,14,431,1,,6,,0,,75,,,,,,,,
BOLE,110,Waratah2011,BOLE_110,166,259,110,201,1,,18,,5,,19,,,,,,,,
BOLE,111,Waratah2011,BOLE_111,96,188,65,168,1,,14,,5,,26,,,,,,,,
BOLE,112,Waratah2011,BOLE_112,97,186.6666667,90,203,1,,14,,5,,26,,,,,,,,
BOLE,113,Waratah2011,BOLE_113,141,289.6666667,110,388,1,,14,,4,,24,,,,,,,,
BOLE,114,Waratah2011,BOLE_114,108.6666667,298.6666667,105,230,1,,18,,5,,21,,,,,,,,
BOLE,115,Waratah2011,BOLE_115,135.3333333,260.6666667,130,186,1,,20,,7,,20,,,,,,,,
BOLE,116,Waratah2011,BOLE_116,151,294.3333333,230,350,1,,17,,15,,48,,,,,,,,
BOLE,117,Waratah2011,BOLE_117,154.6666667,333.6666667,50,365,2,,30,,15,,46,,,,initial length approximate,,,,
BOLE,119,Waratah2011,BOLE_119,96,353.3333333,65,325,1,,14,,0,,41,,5,,,,,,
BOLE,151,Waratah2011,BOLE_151,163,349,178,365,2,,40,,55,,29,,,,"must be some leaves that grew and shed, because only 12 leaflets on new 135 mm length; also younger leaves are much small (single lobe) than older leaves",,,,
BOLE,152,Waratah2011,BOLE_152,162,332,158,257,2,,38,,6,,8,,2,,,,,,
BOLE,153,Waratah2011,BOLE_153,123,309,165,457,N/A - bn 2&3,,31,,11,,26,,,,,,,,
BOLE,154,Waratah2011,BOLE_154,237,394,360,106,2,,69,,34,,13,,,,,,,,
BOLE,155,Waratah2011,BOLE_155,252,418,168,225,1,,71,,11,,25,,,,,,,,
BOLE,156,Waratah2011,BOLE_156,218,364,315,336,1,,33,,3,,16,,,,,,,,
BOLE,157,Waratah2011,BOLE_157,146,287,165,255,2,,31,,8,,8,,2,,,,,,
BOLE,303,Wilunga2012,BOLE_303,49.67,124,26,201,1,,8,,0,,13,,4,,,,,,
BOLE,305,Wilunga2012,BOLE_305,50,266,42,322,1,,8,,0,,26,,2,,,,,,
BOLE,306,Wilunga2012,BOLE_306,76,279,50,353,1,,8,,1,,33,,,,,,,,
BOLE,307,Wilunga2012,BOLE_307,94.3,312,41,403,1,,10,,0,,40,,,,,,,,
BOLE,308,Wilunga2012,BOLE_308,88,273.67,30,151,1,,8,,0,,13,,9,,,,,,
BOLE,313,Wilunga2012,BOLE_313,78,294.3,51,331,1,,10,,3,,26.66666667,,,,,,,,
BOLE,316,Wilunga2012,BOLE_316,52,238.3,30,298,1,,6,,0,,31,,1,,,,,,
BOLE,317,Wilunga2012,BOLE_317,79,139.33,37,178,1,,8,,0,,15,,,,,,,,
BOLE,401,Basin2007,BOLE_401,105,139,90,75,2,,25,,0,18,,,,,,,,,
BOLE,402,Basin2007,BOLE_402,71,76,34,31,3,,9,,0,10,,,,,,,,,
BOLE,403,Basin2007,BOLE_403,129,156,140,42,2,,20,,0,26,,,,,"little side branches above, but last main node",,,,
BOLE,404,Basin2007,BOLE_404,95,93,70,29,2,,12,,2,7,,,,,,,,,
BOLE,405,Basin2007,BOLE_405,98,109,97,53,2,,17,,0,14,,,,,,,,,
BOLE,407,Basin2007,BOLE_407,106,112,142,55,3,,20,,4,7,,,,,,,,,
BOLE,408,Basin2007,BOLE_408,131,176,180,50,2,,41,,19,11,,,,,,,,,
BOLE,801,Waratah2003,BOLE_801,110,137,143,74,3,,6,,2,,12,,,,,,,,
BOLE,802,Waratah2003,BOLE_802,143,158,195,37,2,,21,,12,,13,,,,,,,,
BOLE,803,Waratah2003,BOLE_803,123,141,160,25,2,,17,,11,,10,,,,,,,,
BOLE,804,Waratah2003,BOLE_804,71,87,56,16,2,,12,,3,,8,,,,,,,,
BOLE,805,Waratah2003,BOLE_805,137,161,265,47,2,,23,,5,,14,,,,,,,,
BOLE,806,Waratah2003,BOLE_806,103,117,76,20,3,,10,,4,,8,,,,,,,,
BOLE,807,Waratah2003,BOLE_807,133,138,255,15,2,,21,,13,,6,,,,a branch low on stem that later became the main leader; data on several other branches higher up as well,,,,
COER,1,Basin2005,COER_001,162,221,185,50,3,427.4,22,275,37,50,,,,,,,,,
COER,3,Basin2005,COER_003,143,206,102,60,N/A,337,,182,75,60,,,,,,,,,
COER,5,Basin2005,COER_005,105,148,70,22,2,185,14,70,,22,,,,,,,,,
COER,152,Waratah2011,COER_152,179,454,146,616,1,132,,123,,616,,,,,,,,,
COER,153,Waratah2011,COER_153,101,195,30,106,1,,12,,10,106,,,,,old leaves all juvenile,,,,
COER,154,Waratah2011,COER_154,99.3,182.67,37,119,1,,15,,9,119,,,,,old leaves all juvenile,,,,
COER,156,Waratah2011,COER_156,132,229,145,176,1,125,,125,,176,,,,,,,,,
COER,157,Waratah2011,COER_157,148,2322,135,185,1,120,,110,,192,,,,,,,,,
COER,158,Waratah2011,COER_158,121,199,83,224,1,65,,44,,224,,,,,,,,,
COER,159,Waratah2011,COER_159,93.33,165,70,192,1,55,,55,,192,,,,,,,,,
COER,159b,Waratah2011,COER_159b,112,163,135,82,1,128,,70,,82,,,,,,,,,
COER,321,Wilunga2012,COER_321,72,104,8,48,1,,6,,6,48,,,,,,,,,
COER,322,Wilunga2012,COER_322,60,88.67,8,55,1,,6,,4,55,,,1,,,,,,
COER,324,Wilunga2012,COER_324,70,129,6,68,1,,6,,6,68,,,2,,,,,,
COER,327,Wilunga2012,COER_327,82,100.33,13,29,1,,8,,5,29,,,1,,,,,,
COER,401,Basin2007,COER_401,127,192,95,88,2,205,,185,,88,,,,,,,,,
COER,402,Basin2007,COER_402,102,208,82,77,2,125,2,82,18,77,,,,,,,,,
COER,403,Basin2007,COER_403,106,173,105,165,2,200,,165,,165,,,,,,,,,
COER,404,Basin2007,COER_404,128,155,132,33,2,204,,132,45,33,,,,,,,,,
COER,405,Basin2007,COER_405,161,204,165,64,2,224,,175,35,64,,,,,,,,,
COER,406,Basin2007,COER_406,114,168,122,46,2,209,,122,25,46,,,,,,,,,
COER,407,Basin2007,COER_407,120,142,63,25,NA,269,,236,,25,,,,,,,,,
COER,801,Waratah2003,COER_801,136,197,112,68,3,297,,90,,68,,,,,,,,,
COER,802,Waratah2003,COER_802,146,181,92,70,2,212,16,40,24,70,,,,,,,,,
COER,803,Waratah2003,COER_803,156,173,138,53,3,276,45,125,45,53,,,,,,,,,
COER,804,Waratah2003,COER_804,162,191,218,25,N/A - bn 3&4,385,,75,1,25,,,,,,,,,
COER,806,Waratah2003,COER_806,,,,,,,,,,,,,,,,,,,
COER,807,Waratah2003,COER_807,103,181,48,103,N/A - bn 2&3,233,2,133,,103,,,,,,,,,
EPMI,1,Basin2005,EPMI_001,89,110,140,42,2,140,,120,,42,,,,,,,,,
EPMI,2,Basin2005,EPMI_002,82,86,72,57,2,146,,118,,57,,,,,,,,,
EPMI,3,Basin2005,EPMI_003,101,113,132,97,N/A - bn 3&4,215,10,120,3,97,,,,,,,,,
EPMI,4,Basin2005,EPMI_004,65,137,80,37,N/A - bn 2&3,110,36,80,,37,,,,,,,,,
EPMI,5,Basin2005,EPMI_005,138,173,165,78,N/A - bn 2&3,265,1,125,33,78,,,,,,,,,
EPMI,6,Basin2005,EPMI_006,117,137,87,82,N/A - bn 2&3,207,21,95,,82,,,,,main stem nipped from 87 mm to 82 mm,,,,
EPMI,7,Basin2005,EPMI_007,109,,64,,,217,,124,11,,,,,,LOOK IN ENVELOPE TO FIGURE OUT END OF BRANCH INFO,,,,
EPMI,101,Waratah2011,EPMI_101,67,187,57,136,1,52,,,15,136,,,,,,,,,
EPMI,101,Waratah2011,EPMI_101,67,187,57,136,1,52,,,15,136,,,,,,,,,
EPMI,102,Waratah2011,EPMI_102,56,109,48,79,1,48,,,16,79,,,,,,,,,
EPMI,102,Waratah2011,EPMI_102,56,109,48,79,1,48,,,16,79,,,,,,,,,
EPMI,104,Waratah2011,EPMI_104,64,103.3333333,47,108,1,41,,8,,108,,,,,,,,,
EPMI,104,Waratah2011,EPMI_104,64,103.33,47,108,1,41,,8,,108,,,,,,,,,
EPMI,105,Waratah2011,EPMI_105,62,101.3333333,52,103,1,50,,37,,103,,,,,,,,,
EPMI,105,Waratah2011,EPMI_105,62,101.33,52,103,1,50,,37,,103,,,,,,,,,
EPMI,106,Waratah2011,EPMI_106,32,107.6666667,28,133,1,28,,,5,133,,,,,,,,,
EPMI,106,Waratah2011,EPMI_106,32,107.67,28,133,1,28,,0,,121,5,,,,shoot nipped at some point,,,,
EPMI,108,Waratah2011,EPMI_108,73,174,44,78,1,39,,,22,74,,,,,,,,,
EPMI,108,Waratah2011,EPMI_108,73,174,44,78,1,39,,,18,78,,,,,,,,,
EPMI,109,Waratah2011,EPMI_109,66.5,134.6666667,60,182,1,50,,35,,180,,,,,,,,,
EPMI,111,Waratah2011,EPMI_111,35,101,13,108,1,13,,0,,95,,,23,,,,,,
EPMI,112,Waratah2011,EPMI_112,35,145.6666667,35,197,1,35,,,9,197,,,,,,,,,
EPMI,113,Waratah2011,EPMI_113,53,218.6666667,42,170,1,42,,10,,170,,,,,,,,,
EPMI,116,Waratah2011,EPMI_116,27,71,35,81,1,17,,17,,81,,,,,,,,,
EPMI,151,Waratah2011,EPMI_151,80,126,92,122,2,127,,,38,122,,,,,92 mm length nipped to 80 mm and then regrew,,,,
EPMI,152,Waratah2011,EPMI_152,121,143,68,122,2,136,,30,,122,,,,,68 mm length nipped to 48 mm and then regrew,,,,
EPMI,153,Waratah2011,EPMI_153,74,146.67,141,175,1,130,,,33,175,,,,,main stem nipped from 141 mm to 110 mm,,,,
EPMI,154,Waratah2011,EPMI_154,93,145,175,78,2,155,,,0,70,,,,,,,,,
EPMI,155,Waratah2011,EPMI_155,143.33,184,298,292,1,222,,,6,267,,,,,main stem nipped from 298 mm to 270 mm,,,,
EPMI,156,Waratah2011,EPMI_156,88,142.33,183,132,1,154,,,54,132,,,,,main stem nipped from 183 mm to 175 mm,,,,
EPMI,157,Waratah2011,EPMI_157,51,133,56,152,2,266,,95,,152,,,,,,,,,
EPMI,302,Wilunga2012,EPMI_302,32,89.67,10,113,1,,12,,0,102,,,11,,,,,,
EPMI,304,Wilunga2012,EPMI_304,30,109.67,12,200,1,9,,0,,200,,,3,,,,,,
EPMI,307,Wilunga2012,EPMI_307,35,94,12,78,1,10,,0,,73,,,,,,,,,
EPMI,310,Wilunga2012,EPMI_310,41,141,20,170,1,12,,0,,230,,,,,,,,,
EPMI,311,Wilunga2012,EPMI_311,35,120.3333333,15,230,1,12,,,3,220,,,,,,,,,
EPMI,312,Wilunga2012,EPMI_312,30,70.33333333,10,95,1,9,,,,60,9,,25,,,,,,
EPMI,313,Wilunga2012,EPMI_313,30,64.33333333,10,97,1,10,,0,,79,,,,,,,,,
EPMI,314,Wilunga2012,EPMI_314,30,82.66666667,8,175,1,8,,,3,167,,,,,,,,,
EPMI,401,Basin2007,EPMI_401,98,168,108,51,2,108,46,98,,51,,,,,,,,,
EPMI,402,Basin2007,EPMI_402,131.67,174.3,161,85,1,120,,100,,85,,,,,,,,,
EPMI,403,Basin2007,EPMI_403,113,168.67,180,48,1,130,,90,,48,,,,,,,,,
EPMI,404,Basin2007,EPMI_404,102,135,83,51,2,141,,83,,51,,,,,,,,,
EPMI,405,Basin2007,EPMI_405,142.33,181.67,210,40,1,163,,95,,40,,,,,,,,,
EPMI,406,Basin2007,EPMI_406,118,134,85,26,above 3,211,20,110,1,26,,,,,top shoot nipped from 85 mm to 60 mm,,,,
EPMI,407,Basin2007,EPMI_407,107,119,85,13,3,166,,105,,13,,,,,,,,,
EPMI,801,Waratah2003,EPMI_801,99,144,55,57,4,320,,20,33,57,,,,,,,,,
EPMI,802,Waratah2003,EPMI_802,121,141,133,60,N/A - bn 3&4,248,23,60,29,60,,,,,main stem nipped from 133 to 88 mm,,,,
EPMI,803,Waratah2003,EPMI_803,87,126,71,60,2,60,4,40,,60,,,,,,,,,
EPMI,804,Waratah2003,EPMI_804,129,135,98,12,4,98,2,0,12,12,,,,,main stem nipped from 38 mm to 10 mm,,,,
EPMI,805,Waratah2003,EPMI_805,71,101,18,24,N/A - bn 3&4,92,,36,6,24,,,,,,,,,
EPMI,806,Waratah2003,EPMI_806,122,181,54,72,3,74,,,30,72,,,,,main stem nipped from 54 to 42 mm,,,,
EPMI,807,Waratah2003,EPMI_807,61,107,38,57,N/A - bn 3&4,293,,98,25,57,,,,,,,,,
EPMI,808,Waratah2003,EPMI_808,106,130,110,43,3,212,16,25,1,43,,,,,,,,,
EPMI,901,Basin1981,EPMI_901,78,101,35,96,4,243,19,37,38,96,,,,,,,,,
EPMI,902,Basin1981,EPMI_902,96,114,60,12,4,60,0,30,0,12,,,,,,,,,
EPMI,903,Basin1981,EPMI_903,121,141,127,53,N/A - bn 3&4,202,67,,113,53,,,,,,,,,
EPMI,904,Basin1981,EPMI_904,112,136,210,82,N/A - bn 4&5,260,54,145,30,82,,,,,,,,,
EPMI,905,Basin1981,EPMI_905,60,93,15,31,5,157,3,15,33,31,,,,,,,,,
EPMI,906,Basin1981,EPMI_906,158,180,255,48,N/A - bn 3&4,272,44,102,15,48,,,,,,,,,
EPMI,907,Basin1981,EPMI_907,84,82,163,0,above 4,166,5,50,,,,,,,"no growth on main stalk mapped. Have increase in diameter for side branches, no lengths or leaf counts",don't use,,,
GRBU,2,Basin2005,GRBU_002,177,239,215,80,3,83,165,,123,,63,,,,,,,,
GRBU,3,Basin2005,GRBU_003,231,485,184,232,N/A - bn 2&3,279,21,164,17,232,,,,,,,,,
GRBU,7,Basin2005,GRBU_007,129,194,83,87,3,243,,110,,,44,,,,110 mm = 52 leaves,,,,
GRBU,8,Basin2005,GRBU_008,144,225,132,136,N/A - bn 2&3,152,16,100,3,110,,,,,,,,,
GRBU,9,Basin2005,GRBU_009,99,110,55,40,N/A - above highest cut,208,3,85,2,,17,,,,85 mm = 58 leaves,,,,
GRBU,151,Waratah2011,GRBU_151,200,338,130,45,side branch,,91,,37,,21,,,,"LL along main axis, shoot extension on side branch where leaf # not known",,,,
GRBU,152,Waratah2011,GRBU_152,288,702,495,343,2,495,10,360,,263,32,,,,,,,,
GRBU,153,Waratah2011,GRBU_153,228,539,222,360,3,,156,,96,120,94,,,,bag 5x is leaf count for the 120 mm of new leaves,,,,
GRBU,156,Waratah2011,GRBU_156,153,299.5,240,172,2,240,15,160,,172,,,,,,,,,
GRBU,157,Waratah2011,GRBU_157,121,372,207,245,3,170,145,,171,245,,,,,,,,,
GRBU,305,Wilunga2012,GRBU_305,134,385.33,32,202,1,,8,,0,130,,,,,,,,,
GRBU,306,Wilunga2012,GRBU_306,201.67,568.33,198,463,1,,61,,54,463,,,,,,,,,
GRBU,307,Wilunga2012,GRBU_307,141,627,66,520,1,,15,,4,520,4,,,,,,,,
GRBU,308,Wilunga2012,GRBU_308,159,451.67,57,350,1,,15,,7,350,,,,,,,,,
GRBU,310,Wilunga2012,GRBU_310,95,426,53,540,2,,27,,4,540,,,,,,,,,
GRBU,311,Wilunga2012,GRBU_311,113,611,105,466,3,107,27,,13,,53,,5,,,,,,
GRBU,312,Wilunga2012,GRBU_312,118.33,481.67,93,472,1,,23,,10,452,,,,,,,,,
GRBU,313,Wilunga2012,GRBU_313,141.5,598.33,73,420,1,,12,,1,378,17,,5,,,,,,
GRBU,402,Basin2007,GRBU_402,131,152,96,143,3,291,,96,52,143,,,,,,,,,
GRBU,403,Basin2007,GRBU_403,117,230,95,165,3,202,,95,46,165,,,,,,,,,
GRBU,404,Basin2007,GRBU_404,86,191,50,108,3,335,,,65,,56,,,,,,,,
GRBU,405,Basin2007,GRBU_405,74,141,47,107,3,100,1,47,,107,,,,,,,,,
GRBU,406,Basin2007,GRBU_406,124,165,54,130,N/A - bn 2&3,234,,100,15,130,,,,,,,,,
GRBU,407,Basin2007,GRBU_407,108,272,90,150,3,286,2,135,1,150,,,,,,,,,
GRBU,408,Basin2007,GRBU_408,152,230,148,80,3,257,22,110,12,67,13,,,,,,,,
GRBU,801,Waratah2003,GRBU_801,141,279,124,88,3,328,44,,57,,54,,,,43 count lvs for 80 mm stems,,,,
GRBU,802,Waratah2003,GRBU_802,150,247,100,86,4,257,4,80,1,86,,,,,,,,,
GRBU,803,Waratah2003,GRBU_803,178,271,175,105,3,378,,105,9,105,,,,,,,,,
GRBU,804,Waratah2003,GRBU_804,147,330,110,71,3,110,14,28,8,71,,,,,,,,,
GRBU,805,Waratah2003,GRBU_805,140,204,82,48,3,174,51,130,,48,,,,,,,,,
GRBU,806,Waratah2003,GRBU_806,269,371,187,98,5,187,80,70,6,112,,,14,,,,,,
GRBU,807,Waratah2003,GRBU_807,167,308,122,165,3,237,52,,54,165,,,,,,,,,
GRBU,903,Basin1981,GRBU_903,95,144,55,55,4,15,,5,,55,,,,,,,,,
GRBU,904,Basin1981,GRBU_904,98,156,52,60,,147,2,,19,,39,,,,,,,,
GRBU,905,Basin1981,GRBU_905,122,159,85,65,5,115,12,85,59,65,,,,,,,,,
GRBU,906,Basin1981,GRBU_906,127,147,98,0,3,73,31,60,4,0,,,,,"marked as alive, but no real growth",don't use,,,
GRBU,907,Basin1981,GRBU_907,87,145,60,40,N/A - bn 6&7,110,41,,50,,20,,,,,,,,
GRSP,2,Basin2005,GRSP_002,174,234,138,95,3,75,22,,41,,38,,,,,,,,
GRSP,3,Basin2005,GRSP_003,145,182,150,40,N/A - bn 3&4,150,19,,6,,72,,,,,,,,
GRSP,5,Basin2005,GRSP_005,83,108,83,12,N/A,,72,,60,,15,,,,,,,,
GRSP,6,Basin2005,GRSP_006,195,287,232,192,3,232,,90,,192,,,,,282 mm leaves = #31+48+29,,,,
GRSP,7,Basin2005,GRSP_007,282,315,167,134,3,47,45,,39,,41,,,,,,,,
GRSP,9,Basin2005,GRSP_009,84,179,25,106,N/A - bn 3&4,25,133,25,82,,53,,,,293 mm leaves = 131 leaves,,,,
GRSP,101,Waratah2011,GRSP_101,143,288,98,173,1,,10,,10,,67,,,,,,,,
GRSP,102,Waratah2011,GRSP_102,141,230,100,107,1,,9,,5,,31,,,,,,,,
GRSP,103,Waratah2011,GRSP_103,106,280.67,110,213,1,,13,,2,,106,,,,,,,,
GRSP,104,Waratah2011,GRSP_104,143,341.67,97,234,1,,8,,4,,72,,,,,,,,
GRSP,105,Waratah2011,GRSP_105,171,677.33,203,364,1,,38,,33,,83,,,,,,,,
GRSP,106,Waratah2011,GRSP_106,92,443,44,576,2,,32,,17,,157,,,,,,,,
GRSP,107,Waratah2011,GRSP_107,199,797.67,193,330,1,,16,,0,,53,,7,,,,,,
GRSP,110,Waratah2011,GRSP_110,145,281,110,198,1,,14,,12,,52,,,,,,,,
GRSP,111,Waratah2011,GRSP_111,155,299.6666667,127,269,1,,15,,13,,66,,,,,,,,
GRSP,112,Waratah2011,GRSP_112,195,433.3333333,165,256,1,,37,,37,,97,,,,,,,,
GRSP,114,Waratah2011,GRSP_114,223,603.6666667,185,301,1,,39,,24,56,86,,,,205 mm = 72 leaves,,,,
GRSP,116,Waratah2011,GRSP_116,79,262,37,348,3,,50,,44,,167,,,,,,,,
GRSP,151,Waratah2011,GRSP_151,105,219,75,312,1.1.2,,79,,26,,71,,4,,,,,,
GRSP,152,Waratah2011,GRSP_152,123,254,145,106,3,,138,,48,,41,,,,,,,,
GRSP,153,Waratah2011,GRSP_153,170,315,176,67,3,,105,,56,,40,,,,,,,,
GRSP,154,Waratah2011,GRSP_154,104,188,140,83,N/A - bn 2&3,,86,,62,,28,,,,,,,,
GRSP,155,Waratah2011,GRSP_155,114,314,87,120,2,,81,,46,,63,,,,,,,,
GRSP,156,Waratah2011,GRSP_156,117,401,126,342,N/A - bn 2&3,,92,,25,,89,,,,,,,,
GRSP,157,Waratah2011,GRSP_157,97,398,135,390,4,,125,,58,,92,,,,,,,,
GRSP,301,Wilunga2012,GRSP_301,119.33,341.67,113,245,1,,13,,7,,106,,,,,,,,
GRSP,302,Wilunga2012,GRSP_302,184.33,468,168,390,1,,22,,8,,106,,15,,,,,,
GRSP,306,Wilunga2012,GRSP_306,124.67,405.67,122,420,1,,12,,11,,137,,,,,,,,
GRSP,307,Wilunga2012,GRSP_307,147,362.33,57,280,1,,9,,7,,56,,,,,,,,
GRSP,312,Wilunga2012,GRSP_312,144.33,415,117,352,1,,9,,7,,119,,,,,,,,
GRSP,314,Wilunga2012,GRSP_314,159.67,443.33,136,560,1,,17,,5,,155,,8,,,,,,
GRSP,315,Wilunga2012,GRSP_315,138.67,197,88,145,1,,6,,6,,38,,,,,,,,
GRSP,316,Wilunga2012,GRSP_316,132,482.33,80,190,1,,9,,8,,49,,,,,,,,
GRSP,401,Basin2007,GRSP_401,94,132,48,77,3,94,16,,38,,41,,,,,,,,
GRSP,402,Basin2007,GRSP_402,111,174,98,117,3,63,63,,33,,19,,,,,,,,
GRSP,403,Basin2007,GRSP_403,210,302,190,86,1.2,170,,110,,,32,,,,l=110 mm = 37 leaves,,,,
GRSP,404,Basin2007,GRSP_404,102,183,115,80,3,,61,,15,,15,,,,,,,,
GRSP,405,Basin2007,GRSP_405,85,153,23,103,3,,32,,10,,53,,,,,,,,
GRSP,406,Basin2007,GRSP_406,100,207,96,153,3,186,,,3,,43,,,,,,,,
GRSP,407,Basin2007,GRSP_407,94,141,47,93,3,95,55,,49,,41,,,,,170,77,,
GRSP,408,Basin2007,GRSP_408,146,214,110,73,N/A - bn 2&3,85,60,50,54,73,,,,,count of new leaves in bag 3x,110,54,,
GRSP,801,Waratah2003,GRSP_801,204,316,168,158,N/A - bn 2&3,235,68,,54,,49,,,,,,,,
GRSP,802,Waratah2003,GRSP_802,190,258,155,76,N/A - bn 3&4,,60,,35,76,,,,,could probably count nodes on 76 mm length in env 4x,,,,
GRSP,803,Waratah2003,GRSP_803,171,238,150,102,3,,88,,70,,34,,,,,,,,
GRSP,804,Waratah2003,GRSP_804,220,262,221,17,3,,61,,36,,5,,,,,,,,
GRSP,805,Waratah2003,GRSP_805,196,240,217,98,N/A - bn 3&4,,97,,45,,37,,,,,,,,
GRSP,806,Waratah2003,GRSP_806,219,279,222,57,N/A - bn 2&3,,137,,15,,25,,,,"57 mm = 25 leaves, 65 mm = 26 leaves",,,,
GRSP,807,Waratah2003,GRSP_807,270,289,225,86,N/A - bn 3&4,338,77,,29,,26,,,,86 mm = 26 lvs,,,,
GRSP,903,Basin1981,GRSP_903,102,130,37,13,2,,24,,3,,5,,,,,,,,
GRSP,905,Basin1981,GRSP_905,128,184,95,0,3,,73,,45,,0,,,,,,,,
GRSP,907,Basin1981,GRSP_907,100,110,112,0,3,112,,,18,,0,,,,beginning diameter unk,don't use,,,
HATE,1,Basin2005,HATE_001,163,204,140,103,,,115,,65,,41,,,,,,,,
HATE,2,Basin2005,HATE_002,380,530,397,212,4,,121,,51,,43,,,,starting diameter estimated from starting diameter of next branch down,,,,
HATE,3,Basin2005,HATE_003,208,276,315,75,,,N/A,,31,,23,,,,"starting diameter estimated from starting diameter of next branch down; don't use for LL, orginal leaf number missing",,,,
HATE,4,Basin2005,HATE_004,426,541,680,415,4,,172,,113,,59,,,,,1438,247,0.171766342,
HATE,5,Basin2005,HATE_005,250,279,347,167,3,,92,,5,,51,,,,think final diameter may be 368,,,,
HATE,6,Basin2005,HATE_006,210,445,370,435,4,252.5,93,,67,,60,,,,,1025,148,0.144390244,
HATE,7,Basin2005,HATE_007,218,300,155,85,4,,76,,49,,16,,,,,,,,
HATE,103,Waratah2011,HATE_103,296,778,215,319,1,,20,,20,,40,,,,,,,,
HATE,104,Waratah2011,HATE_104,198,454,141,449,1,,27,,21,,126,,,,,,,,
HATE,105,Waratah2011,HATE_105,167,352,74,516,N/A - bn 1&2,,17,,14,,COUNT BAG 1.1,,,,,,,,
HATE,106,Waratah2011,HATE_106,183,385.33,125,410,1,,18,,15,,44,,,,,,,,
HATE,107,Waratah2011,HATE_107,119,324.67,80,170,1,,9,,6,,28,,,,,,,,
HATE,108,Waratah2011,HATE_108,128,434,135,400,1,,15,,15,,60,,,,,,,,
HATE,151,Waratah2011,HATE_151,242,353.33,255,245,1,,32,,23,,34,,,,,245,34,0.13877551,
HATE,153,Waratah2011,HATE_153,237,630,290,715,2,,100,,87,,91,,,,,715,91,0.127272727,
HATE,154,Waratah2011,HATE_154,145,476,117,691,2,,58,,50,,104,,,,,682,104,0.152492669,
HATE,155,Waratah2011,HATE_155,191,462,210,315,3,,60,,45,,38,,,,,525,59,0.112380952,
HATE,156,Waratah2011,HATE_156,219.33,421.33,197,386,1,,27,,20,,50,,,,,556,76,0.136690647,
HATE,157,Waratah2011,HATE_157,259.67,441.33,250,466,1,,38,,33,,71,,,,,661,105,0.158850227,
HATE,161,Waratah2011,HATE_161,179,271,118,234,2,,17,,13,,24,,,,,352,41,0.116477273,
HATE,302,Wilunga2012,HATE_302,212.33,474.33,125,186,1,,22,,14,,26,,,,,,,,
HATE,304,Wilunga2012,HATE_304,268.67,636.33,162,611,1,,24,,12,,76,,,,,,,,
HATE,306,Wilunga2012,HATE_306,132,339.33,103,518,1,,12,,7,,76,,,,,,,,
HATE,307,Wilunga2012,HATE_307,117,389.33,38,242,1,,11,,4,,28,,,,,,,,
HATE,308,Wilunga2012,HATE_308,132,316.33,100,332,1,,16,,11,,49,,,,,,,,
HATE,310,Wilunga2012,HATE_310,237,406.67,123,188,1,,18,,8,,36,,,,,,,,
HATE,311,Wilunga2012,HATE_311,142.33,313.33,102,270,1,,16,,9,,35,,,,,,,,
HATE,312,Wilunga2012,HATE_312,158,298,110,212,1,,14,,5,,23,,,,,,,,
HATE,401,Basin2007,HATE_401,188,355,202,410,3,130,44,,44,,71,,,,,702,115,0.163817664,
HATE,402,Basin2007,HATE_402,210,406,145,365,N/A - bn 2&3,111,36,,15,,60,,,,,510,87,0.170588235,
HATE,403,Basin2007,HATE_403,164,213,90,7,N/A - above highest cut,90,,47,,7,,,,,"don't use, no growing tip",52,19,0.365384615,
HATE,404,Basin2007,HATE_404,212,348,225,322,2,130,46,,54,,68,,,,,607,127,0.2092257,
HATE,405,Basin2007,HATE_405,174,264,78,213,N/A - bn 2&3,188,,78,3,213,,,,,,,,,
HATE,406,Basin2007,HATE_406,167,299,170,130,N/A - bn 3&4,410,,170,2,130,,,,,,,,,
HATE,407,Basin2007,HATE_407,155,283,141,105,3,,42,,42,,18,,,,,373,60,0.160857909,
HATE,801,Waratah2003,HATE_801,188,263,125,228,N/A - bn 3&4,,73,,3,,41,,,,,,,,
HATE,802,Waratah2003,HATE_802,218,431,375,80,3,,63,,27,,16,,,,,,,,
HATE,803,Waratah2003,HATE_803,241,453,335,337,3,,131,,92,,60,,,,,,,,
HATE,804,Waratah2003,HATE_804,165,444,120,135,N/A - bn 3&4,,114,,98,,34,,,,,,,,
HATE,805,Waratah2003,HATE_805,310,566,540,307,3,,102,,64,,50,,,,,,,,
HATE,806,Waratah2003,HATE_806,435,621,455,240,N/A - bn 2&3,,84,,47,,37,,,,,629,116,0.184419714,
HATE,807,Waratah2003,HATE_807,480,622,430,130,4,,118,,68,,23,,,,,580,122,0.210344828,
HATE,901,Basin1981,HATE_901,241,384,475,250,5,,67,,28,,24,,10,,,1015,91,0.089655172,
HATE,902,Basin1981,HATE_902,214,403,395,110,5,320,59,,92,,20,,,,,835,119,0.14251497,
HATE,903,Basin1981,HATE_903,465,607,687,165,5,,95,,44,,50,,,,,852,145,0.170187793,
HATE,904,Basin1981,HATE_904,287,407,445,15,4,365,83,,65,,10,,,,,460,74,0.160869565,
HATE,905,Basin1981,HATE_905,159,272,290,140,5,,65,,52,,19,,,,,530,70,0.132075472,
HATE,906,Basin1981,HATE_906,222,342,370,340,6,,122,,84,,39,,,,,1333,161,0.120780195,
HATE,907,Basin1981,HATE_907,505,721,565,180,6,,97,,87,,35,,,,,745,132,0.177181208,
HEPU,1,Basin2005,HEPU_001,74,65,73,30,3,161,5,,,42,22,,,,,70,40,0.571428571,
HEPU,2,Basin2005,HEPU_002,41,68,14,30,3,,89,,35,,18,,,,,,,,
HEPU,4,Basin2005,HEPU_004,48,68,130,40,3,220,,25,,40,,,,,,,,,
HEPU,6,Basin2005,HEPU_006,56,87,78,25,3,183,,95,18,,12,,,,,50,30,0.6,
HEPU,7,Basin2005,HEPU_007,75,97,52,40,N/A - above highest cut,244,14,,59,,28,,,,,120,78,0.65,
HEPU,9,Basin2005,HEPU_009,55,61,55,21,3,97,,,13,,22,,,,,60,35,0.583333333,
HEPU,106,Waratah2011,HEPU_106,89,482.33,112,150,1,112,,30,,150,,,,,,,,,
HEPU,107,Waratah2011,HEPU_107,84,199.33,103,215,1,103,,53,,215,,,,,,,,,
HEPU,108,Waratah2011,HEPU_108,109,169.33,51,74,1,51,,0,,74,,,,,,,,,
HEPU,109,Waratah2011,HEPU_109,99,187.67,35,89,1,35,,0,,89,,,,,,,,,
HEPU,110,Waratah2011,HEPU_110,60,168,85,173,1,85,,75,,173,,,,,,,,,
HEPU,111,Waratah2011,HEPU_111,85,188.67,125,172,1,125,,50,16,172,,,,,,,,,
HEPU,112,Waratah2011,HEPU_112,98,178.67,62,88,1,62,,22,,88,,,,,,,,,
HEPU,113,Waratah2011,HEPU_113,,,,,,,,,,,,,,,,,,,
HEPU,151,Waratah2011,HEPU_151,41,82,47,70,2,187,,105,,70,,,,,,,,,
HEPU,152,Waratah2011,HEPU_152,61,175,168,140,2,238,,160,16,140,,,,,,,,,
HEPU,153,Waratah2011,HEPU_153,67,175,95,137,2,230,,195,,137,,,,,,,,,
HEPU,154,Waratah2011,HEPU_154,91,149,228,270,2,283,,228,6,270,,,,,,,,,
HEPU,155,Waratah2011,HEPU_155,96.33333333,126.6666667,220,30,1,207,,137,,30,,,,,plant nipped,,,,
HEPU,156,Waratah2011,HEPU_156,81,122,150,15,2,313,,275,,15,,,,,"see bag 2x for more accurate length - only have longer segment #, so 150 mm is an estimate",,,,
HEPU,157,Waratah2011,HEPU_157,35,87,35,180,3,275,,155,17,180,,,,,,,,,
HEPU,402,Basin2007,HEPU_402,87,115,142,83,2,142,30,,34,83,,,,,,50,34,0.68,
HEPU,403,Basin2007,HEPU_403,66,74,85,5,2,70,,42,,5,,,,,,,,,
HEPU,404,Basin2007,HEPU_404,85,86,84,35,2,94,,60,,35,,,,,,,,,
HEPU,405,Basin2007,HEPU_405,90,96,90,40,N/A - bn 2&3,103,,50,,40,,,,,,,,,
HEPU,406,Basin2007,HEPU_406,86,95,133,12,2,90,,38,,12,,,,,,,,,
HEPU,407,Basin2007,HEPU_407,65,79,88,38,3,139,,30,,38,,,,,,,,,
HEPU,408,Basin2007,HEPU_408,77,94,100,40,1.2,36,4,15,,40,,,,,,,,,
HEPU,801,Waratah2003,HEPU_801,105,128,280,52,N/A - bn 3&4,260,11,,18,52,,,,,,,,,
HEPU,802,Waratah2003,HEPU_802,65,93,72,75,3,122,,50,,75,,,,,,,,,
HEPU,803,Waratah2003,HEPU_803,63,94,178,52,N/A - bn 3&4,188,,75,,52,,,,,,,,,
HEPU,804,Waratah2003,HEPU_804,55,69,47,38,diff branch,107,,22,14,38,,,,,,,,,
HEPU,805,Waratah2003,HEPU_805,84,109,144,25,3,285,,31,25,,,,,,,,,,
HEPU,806,Waratah2003,HEPU_806,43,60,36,44,5,56,,16,,44,,,,,,,,,
HEPU,807,Waratah2003,HEPU_807,75,78,100,18,N/A - bn 3&4,55,,32,,18,,,,,,,,,
LEES,1,Basin2005,LEES_001,129,208,85,83,3,142,,,3,75,,8,,,,,,,
LEES,2,Basin2005,LEES_002,85,105,50,33,2,70,,,17,33,,,,,,,,,
LEES,3,Basin2005,LEES_003,100,114,27,46,N/A - bn 2&3,62,6,,3,46,,,,,,,,,
LEES,4,Basin2005,LEES_004,111,175,105,77,3,135,,23,,77,,,,,,,,,
LEES,5,Basin2005,LEES_005,92,119,38,73,2,80,20,35,,73,,,,,,,,,
LEES,6,Basin2005,LEES_006,86,149,61,52,N/A - bn 3&4,61,,,7,52,,,,,,,,,
LEES,7,Basin2005,LEES_007,112,125,95,42,2,95,,,14,42,,,,,,,,,
LEES,102,Waratah2011,LEES_102,32,79.33333333,30,45,1,8,,0,,31,,,14,,,,,,
LEES,110,Waratah2011,LEES_110,51,139.6666667,35,97,1,28,,0,,97,,,,,,,,,
LEES,114,Waratah2011,LEES_114,56,110.3333333,45,30,1,35,,10,,30,,,,,,,,,
LEES,152,Waratah2011,LEES_152,152.33,246,174,153,1,145,,125,,153,,,,,,,,,
LEES,153,Waratah2011,LEES_153,165.33,351.33,270,244,1,245,,135,,234,,,,,,,,,
LEES,155,Waratah2011,LEES_155,53.67,79.33,55,45,1,30,,12,,45,,,,,,,,,
LEES,156,Waratah2011,LEES_156,110.33,243.33,158,208,1,141,,120,,145,13,,2,,,63,15,0.238095238,
LEES,157,Waratah2011,LEES_157,137.67,206.33,218,125,1,205,,80,,125,,,,,,,,,
LEES,401,Basin2007,LEES_401,94,164,48,110,2,68,,36,,103,,7,,,,,,,
LEES,402,Basin2007,LEES_402,70,147,43,25,2,88,,43,2,25,,,,,,,,,
LEES,403,Basin2007,LEES_403,63,139,51,31,side,38,,22,,31,,,,,,,,,
LEES,404,Basin2007,LEES_404,119,143,35,67,2,73,1,6,,67,,,,,,,,,
LEES,405,Basin2007,LEES_405,68,109,34,10,3,54,,26,,6,,,,,,34,28,0.823529412,
LEES,406,Basin2007,LEES_406,103,142,60,92,2,40,,,2,,47,,,,,92,47,0.510869565,
LEES,407,Basin2007,LEES_407,142,169,137,60,N/A - bn 2&3,83,,33,,60,,,shed leaves estimated,,,,,,
LEES,801,Waratah2003,LEES_801,126,152,78,58,N/A - bn 2&3,158,1,,6,58,,,,,,,,,
LEES,802,Waratah2003,LEES_802,86,122,57,109,4,72,,,14,109,,,,,,,,,
LEES,803,Waratah2003,LEES_803,87,128,45,112,N/A - bn 3&4,75,,,2,112,,,,,,,,,
LEES,804,Waratah2003,LEES_804,95,172,78,75,4,346,,,25,75,,,,,,,,,
LEES,805,Waratah2003,LEES_805,96,137,55,60,3,55,14,30,,60,,,,,,,,,
LEES,806,Waratah2003,LEES_806,116,140,102,76,3,87,12,32,,76,,,,,,,,,
LEES,807,Waratah2003,LEES_807,132,162,118,52,3,60,,,11,,38,,,,,,,,
LEES,901,Basin1981,LEES_901,159,197,166,34,N/A - bn 3&4,,50,,,27,14,,,,,27,14,,
LEES,902,Basin1981,LEES_902,102,182,113,102,3,175,,38,8,102,,,,,,,,,
LEES,903,Basin1981,LEES_903,92,144,102,55,2,102,1,75,,55,,,,,,,,,
LEES,904,Basin1981,LEES_904,67,120,41,59,4,118,,41,14,59,,,,,,,,,
LEES,905,Basin1981,LEES_905,94,127,82,66,3,82,6,,15,66,,,,,,56,15,,
LEES,907,Basin1981,LEES_907,94,137,35,126,N/A - bn 4&5,137,,25,2,126,,,,,,,,,
PELA,1,Basin2005,PELA_001,390,516,160,218,2,,46,,36,,27,,,,,,,,
PELA,2,Basin2005,PELA_002,176,411,77,281,3,,75,,46,,31,,,,,,,,
PELA,3,Basin2005,PELA_003,332,532,210,205,3,,50,,37,,18,,,,,,,,
PELA,4,Basin2005,PELA_004,290,670,213,332,3,,47,,27,,35,,,,,,,,
PELA,5,Basin2005,PELA_005,297,443,102,162,2,,42,,34,,19,,,,,,,,
PELA,6,Basin2005,PELA_006,233,309,103,157,2,,36,,22,,18,,,,,,,,
PELA,7,Basin2005,PELA_007,428,676,312,232,3,,66,,58,,23,,,,,,,,
PELA,103,Waratah2011,PELA_103,141,193,42,48,1,,6,,3,,7,,,,,,,,
PELA,104,Waratah2011,PELA_104,111,120.67,28,16,1,,9,,0,,6,,,,,,,,
PELA,108,Waratah2011,PELA_108,105,171.33,30,44,1,,8,,3,,7,,,,,,,,
PELA,113,Waratah2011,PELA_113,154,235.67,34,8,1,,9,,1,,2,,,,,,,,
PELA,118,Waratah2011,PELA_118,145,182.6666667,31,49,1,,9,,0,,7,,,,,,,,
PELA,120,Waratah2011,PELA_120,155.67,168,43,3,1,,8,,8,,2,,,,,,,,
PELA,122,Waratah2011,PELA_122,149.67,161,47,17,1,,8,,2,,4,,,,,,,,
PELA,151,Waratah2011,PELA_151,118,117.67,58,0,1,,7,,7,,0,,,,don't use,,,,
PELA,152,Waratah2011,PELA_152,215,289.67,83,82,1,,11,,8,,9,,,,,,,,
PELA,153,Waratah2011,PELA_153,240,433,170,131,2,,17,,9,,13,,,,,,,,
PELA,155,Waratah2011,PELA_155,204.33,275.67,75,62,1,,10,,7,,6,,,,,,,,
PELA,156,Waratah2011,PELA_156,154.33,175.67,31,34,1,,5,,3,,2,,,,,,,,
PELA,157,Waratah2011,PELA_157,183,291.33,74,68,1,,14,,14,,8,,,,,,,,
PELA,158,Waratah2011,PELA_158,144.33,210.67,105,117,1,,9,,4,,7,,,,,,,,
PELA,161,Waratah2011,PELA_161,,291,190,76,2,,,,17,,5,,,,,,,,
PELA,162,Waratah2011,PELA_162,,,,,,,,,,,,,,,,,,,
PELA,301,Wilunga2012,PELA_301,145,165,10,20,1,,10,,5,,4,,3,,,,,,new&shed leaves nipped; 8 original leaves mini
PELA,302,Wilunga2012,PELA_302,178,183,15,13,1,,9,,8,,4,,4,,,,,,new&shed leaves nipped
PELA,303,Wilunga2012,PELA_303,177.5,268.6666667,17,132,1,,9,,4,,10,,,,,,,,4 original leaves mini
PELA,305,Wilunga2012,PELA_305,128,165.6666667,12,45,1,,8,,2,,7,,,,,,,,3 original leaves mini
PELA,306,Wilunga2012,PELA_306,121,139.6666667,10,40,1,,8,,1,,5,,,,,,,,"decreased starting diameter; wrote 171, assume it should have been 121; 4 original leaves mini"
PELA,308,Wilunga2012,PELA_308,112,155.3333333,8,40,1,,8,,4,,8,,,,,,,,4 original leaves mini
PELA,321,Wilunga2012,PELA_321,123,257,34,55,1,,12,,4,,7,,,,,,,,9 original leaves mini
PELA,322,Wilunga2012,PELA_322,140,193,24,20,1,,10,,2,,6,,,,,,,,4 original leaves mini
PELA,401,Basin2007,PELA_401,330.6666667,449,183,120,1,,21,,18,,13,,,,,,,,
PELA,402,Basin2007,PELA_402,247,330,80,73,2,,22,,18,,13,,,,,,,,
PELA,403,Basin2007,PELA_403,200,284,128,50,2,,22,,18,,10,,,,,,,,
PELA,404,Basin2007,PELA_404,290,420,103,111,2,,27,,24,,11,,,,,,,,
PELA,405,Basin2007,PELA_405,226,296,57,81,2,,18,,14,,10,,,,,,,,
PELA,406,Basin2007,PELA_406,228,338,63,115,N/A - bn 2&3,,25,,20,,15,,,,,,,,
PELA,407,Basin2007,PELA_407,197,374,68,202,N/A - bn 2&3,,41,,40,,21,,,,,,,,
PELA,801,Waratah2003,PELA_801,318,462,174,138,3,,55,,39,,33,,,,,,,,
PELA,802,Waratah2003,PELA_802,323,526,300,110,3,,58,,48,,19,,,,,,,,
PELA,803,Waratah2003,PELA_803,375,585,300,216,2,,84,,52,,40,,,,,,,,
PELA,804,Waratah2003,PELA_804,349,538,222,193,N/A - bn 2&3,,68,,46,,33,,,,,,,,
PELA,805,Waratah2003,PELA_805,447,645,370,188,2,,118,,95,,40,,,,,,,,
PELA,806,Waratah2003,PELA_806,230,333,175,118,4,,65,,44,,31,,,,,,,,
PELA,807,Waratah2003,PELA_807,261,333,198,112,4,,39,,21,,26,,,,,,,,
PELA,901,Basin1981,PELA_901,253,291,210,68,N/A - bn 4&5,,43,,25,,12,,,,,,,,
PELA,902,Basin1981,PELA_902,231,244,123,0,4,,,,,,,,,,,,,,"at end 33 leaves on segment; 45 at start, but some from side branches; assume about 1/3 on manin branch"
PELA,903,Basin1981,PELA_903,187,262,170,91,6,,30,,15,,21,,,,,,,,some guesstimating original leaf number
PELA,904,Basin1981,PELA_904,181,292,173,106,7,,41,,16,,23,,,,,,,,
PELA,905,Basin1981,PELA_905,260,292,160,52,4,,55,,30,,14,,,,,,,,
PELA,906,Basin1981,PELA_906,226,253,215,130,4,,30,,27,,39,,,,,,,,
PELA,907,Basin1981,PELA_907,316,332,316,0,N/A,,35,,27,,0,,,,,,,,
PEPU,1,Basin2005,PEPU_001,311,473,235,76,2,,89,,43,,16,,,,,,,,
PEPU,2,Basin2005,PEPU_002,339,493,385,115,2,,83,,47,,21,,,,,,,,
PEPU,3,Basin2005,PEPU_003,262,387,195,24,2,,64,,41,,7,,3,,,,,,
PEPU,4,Basin2005,PEPU_004,222,317,105,65,2,,49,,17,,14,,,,,,,,
PEPU,5,Basin2005,PEPU_005,215,340,98,79,2,,30,,22,,27,,,,,,,,
PEPU,6,Basin2005,PEPU_006,309,432,188,125,2,,69,,31,,30,,,,,,,,
PEPU,7,Basin2005,PEPU_007,218,318,96,78,2,,47,,23,,17,,,,,,,,
PEPU,151,Waratah2011,PEPU_151,,,,,,,,,,,,,,,,,,,
PEPU,152,Waratah2011,PEPU_152,,,,,,,,,,,,,,,,,,,
PEPU,153,Waratah2011,PEPU_153,,,,,,,,,,,,,,,,,,,
PEPU,154,Waratah2011,PEPU_154,,,,,,,,,,,,,,,,,,,
PEPU,155,Waratah2011,PEPU_155,,,,,,,,,,,,,,,,,,,
PEPU,156,Waratah2011,PEPU_156,,,,,,,,,,,,,,,,,,,
PEPU,157,Waratah2011,PEPU_157,,,,,,,,,,,,,,,,,,,
PEPU,158,Waratah2011,PEPU_158,,,,,,,,,,,,,,,,,,,
PEPU,158,Waratah2011,PEPU_158,,,,,,,,,,,,,,,,,,,
PEPU,301,Wilunga2012,PEPU_301,91,139.667,23,25,1,,8,,6,,21,,,,,,,,
PEPU,302,Wilunga2012,PEPU_302,97,139.333,29,41,1,,9,,3,,32,,,,,,,,
PEPU,303,Wilunga2012,PEPU_303,105,191.667,32,56,1,,13,,5,,32,,,,,,,,
PEPU,305,Wilunga2012,PEPU_305,101.33,172,30,127,1,,14,,3,,37,,,,,,,,
PEPU,307,Wilunga2012,PEPU_307,85.667,156.33,42,68,1,,11,,7,,23,,,,,,,,
PEPU,310,Wilunga2012,PEPU_310,96,130.33,21,35,1,,6,,0,,26,,,,,,,,
PEPU,313,Wilunga2012,PEPU_313,109,218.33,31,84,1,,17,,9,,40,,,,,,,,
PEPU,315,Wilunga2012,PEPU_315,92,123.67,20,43,1,,9,,0,,29,,6,,,,,,
PEPU,401,Basin2007,PEPU_401,,,,,,,,,,,,,,,,,,,
PEPU,403,Basin2007,PEPU_403,,,,,,,,,,,,,,,,,,,
PEPU,404,Basin2007,PEPU_404,,,,,,,,,,,,,,,,,,,
PEPU,405,Basin2007,PEPU_405,,,,,,,,,,,,,,,,,,,
PEPU,406,Basin2007,PEPU_406,,,,,,,,,,,,,,,,,,,
PEPU,407,Basin2007,PEPU_407,,,,,,,,,,,,,,,,,,,
PEPU,801,Waratah2003,PEPU_801,356,598,185,190,N/A - bn 2&3,,31,,15,,32,,,,,,,,
PEPU,802,Waratah2003,PEPU_802,347,536,224,137,2,,112,,85,,28,,,,,,,,
PEPU,803,Waratah2003,PEPU_803,236,386,128,127,3,,77,,42,,20,,,,,,,,
PEPU,804,Waratah2003,PEPU_804,336,485,280,157,2,,60,,41,,22,,,,,,,,
PEPU,805,Waratah2003,PEPU_805,277,428,218,x,2,,44,,38,,12,,check bag 3x for length,,,,,,
PEPU,806,Waratah2003,PEPU_806,341,385,305,108,2,,52,,43,,27,,,,,,,,
PEPU,807,Waratah2003,PEPU_807,267,376,182,110,3,,105,,47,,20,,,,,,,,
PEPU,901,Basin1981,PEPU_901,219,275,30,25,3,,62,,23,,8,,,,,,,,
PEPU,902,Basin1981,PEPU_902,286,390,115,142,N/A,,51,,35,,37,,,,,,,,
PEPU,903,Basin1981,PEPU_903,254,351,60,90,4,,64,,32,,27,,,,,,,,
PEPU,904,Basin1981,PEPU_904,322,468,283,97,,,43,,31,,30,,,,,,,,
PEPU,905,Basin1981,PEPU_905,257,382,107,42,NA,,75,,45,,17,,,,,,,,
PEPU,906,Basin1981,PEPU_906,334,404,143,62,3,,59,,25,,19,,,,,,,,
PEPU,907,Basin1981,PEPU_907,374,472,183,38,3,,38,,35,,12,,,,,,,,
PHPH,1,Basin2005,PHPH_001,,,,,,,,,,,,,,,,,,,
PHPH,2,Basin2005,PHPH_002,,,,,,,,,,,,,,,,,,,
PHPH,3,Basin2005,PHPH_003,,,,,,,,,,,,,,,,,,,
PHPH,4,Basin2005,PHPH_004,,,,,,,,,,,,,,,,,,,
PHPH,5,Basin2005,PHPH_005,,,,,,,,,,,,,,,,,,,
PHPH,6,Basin2005,PHPH_006,,,,,,,,,,,,,,,,,,,
PHPH,7,Basin2005,PHPH_007,,,,,,,,,,,,,,,,,,,
PHPH,161,Waratah2011,PHPH_161,,,,,,,,,,,,,,,,,,,
PHPH,162,Waratah2011,PHPH_162,,,,,,,,,,,,,,,,,,,
PHPH,163,Waratah2011,PHPH_163,,,,,,,,,,,,,,,,,,,
PHPH,164,Waratah2011,PHPH_164,,,,,,,,,,,,,,,,,,,
PHPH,165,Waratah2011,PHPH_165,,,,,,,,,,,,,,,,,,,
PHPH,166,Waratah2011,PHPH_166,,,,,,,,,,,,,,,,,,,
PHPH,167,Waratah2011,PHPH_167,,,,,,,,,,,,,,,,,,,
PHPH,401,Basin2007,PHPH_401,,,,,,,,,,,,,,,,,,,
PHPH,402,Basin2007,PHPH_402,,,,,,,,,,,,,,,,,,,
PHPH,403,Basin2007,PHPH_403,,,,,,,,,,,,,,,,,,,
PHPH,404,Basin2007,PHPH_404,,,,,,,,,,,,,,,,,,,
PHPH,405,Basin2007,PHPH_405,,,,,,,,,,,,,,,,,,,
PHPH,406,Basin2007,PHPH_406,,,,,,,,,,,,,,,,,,,
PHPH,407,Basin2007,PHPH_407,,,,,,,,,,,,,,,,,,,
PHPH,801,Waratah2003,PHPH_801,,,,,,,,,,,,,,,,,,,
PHPH,802,Waratah2003,PHPH_802,,,,,,,,,,,,,,,,,,,
PHPH,803,Waratah2003,PHPH_803,,,,,,,,,,,,,,,,,,,
PHPH,804,Waratah2003,PHPH_804,,,,,,,,,,,,,,,,,,,
PHPH,805,Waratah2003,PHPH_805,,,,,,,,,,,,,,,,,,,
PHPH,806,Waratah2003,PHPH_806,,,,,,,,,,,,,,,,,,,
PHPH,807,Waratah2003,PHPH_807,,,,,,,,,,,,,,,,,,,
PHPH,902,Basin1981,PHPH_902,142,186,176,42,3,100,,95,,42,,,,,,,,,
PHPH,903,Basin1981,PHPH_903,126,147,110,15,3,200,,125,,15,,,,,,,,,
PHPH,904,Basin1981,PHPH_904,125,147,95,45,N/A - bn 3&4,135,33,135,23,45,,,,,,,,,
PHPH,905,Basin1981,PHPH_905,182,261,335,148,4,230,9,132,,148,,,,,,,,,
PHPH,906,Basin1981,PHPH_906,189,247,310,120,2,365,,290,,120,,,,,,,,,
PHPH,907,Basin1981,PHPH_907,197,215,125,20,N/A - bn 4&5,340,,60,30,20,,,,,,,,,
PHPH,908,Basin1981,PHPH_908,180,195,147,31,N/A - bn 2&3,15,37,15,14,31,,,,,,,,,
PILI,1,Basin2005,PILI_001,,,,,,,,,,,,,,,,,,,
PILI,2,Basin2005,PILI_002,,,,,,,,,,,,,,,,,,,
PILI,3,Basin2005,PILI_003,,,,,,,,,,,,,,,,,,,
PILI,4,Basin2005,PILI_004,,,,,,,,,,,,,,,,,,,
PILI,5,Basin2005,PILI_005,,,,,,,,,,,,,,,,,,,
PILI,6,Basin2005,PILI_006,,,,,,,,,,,,,,,,,,,
PILI,7,Basin2005,PILI_007,,,,,,,,,,,,,,,,,,,
PILI,102,Waratah2011,PILI_102,,,,,,,,,,,,,,,,,,,
PILI,105,Waratah2011,PILI_105,,,,,,,,,,,,,,,,,,,
PILI,107,Waratah2011,PILI_107,,,,,,,,,,,,,,,,,,,
PILI,108,Waratah2011,PILI_108,,,,,,,,,,,,,,,,,,,
PILI,109,Waratah2011,PILI_109,,,,,,,,,,,,,,,,,,,
PILI,110,Waratah2011,PILI_110,,,,,,,,,,,,,,,,,,,
PILI,111,Waratah2011,PILI_111,,,,,,,,,,,,,,,,,,,
PILI,151,Waratah2011,PILI_151,,,,,,,,,,,,,,,,,,,
PILI,152,Waratah2011,PILI_152,,,,,,,,,,,,,,,,,,,
PILI,153,Waratah2011,PILI_153,,,,,,,,,,,,,,,,,,,
PILI,154,Waratah2011,PILI_154,,,,,,,,,,,,,,,,,,,
PILI,155,Waratah2011,PILI_155,,,,,,,,,,,,,,,,,,,
PILI,161,Waratah2011,PILI_161,,,,,,,,,,,,,,,,,,,
PILI,303,Wilunga2012,PILI_303,32,142,17,140,1,,14,,0,,72,,,,,,,,
PILI,304,Wilunga2012,PILI_304,35,68,25,67,1,,16,,0,,42,,,,,,,,
PILI,305,Wilunga2012,PILI_305,43,202,42,504,1,,23,,1,,105,,25,,,,,,
PILI,306,Wilunga2012,PILI_306,48,196,37,388,1,,28,,0,,110,,46,,,,,,
PILI,310,Wilunga2012,PILI_310,79,296,45,294,1,,38,,0,,84,,,,,,,,"haven't counted number shed, but 105 mm worth grown and mostly leaf free"
PILI,312,Wilunga2012,PILI_312,43,105,32,230,1,,24,,0,,76,,,,,,,,
PILI,313,Wilunga2012,PILI_313,45,94,23,155,1,,16,,0,,74,,6,,,,,,
PILI,316,Wilunga2012,PILI_316,40,87.67,18,204,1,,14,,0,,32,,,,,,,,"lots shed, but didn't count number; verify bag 3 has only 4 leaves"
PILI,401,Basin2007,PILI_401,,,,,,,,,,,,,,,,,,,
PILI,402,Basin2007,PILI_402,,,,,,,,,,,,,,,,,,,
PILI,403,Basin2007,PILI_403,,,,,,,,,,,,,,,,,,,
PILI,404,Basin2007,PILI_404,,,,,,,,,,,,,,,,,,,
PILI,405,Basin2007,PILI_405,,,,,,,,,,,,,,,,,,,
PILI,406,Basin2007,PILI_406,,,,,,,,,,,,,,,,,,,
PILI,407,Basin2007,PILI_407,,,,,,,,,,,,,,,,,,,
PILI,801,Waratah2003,PILI_801,,,,,,,,,,,,,,,,,,,
PILI,802,Waratah2003,PILI_802,,,,,,,,,,,,,,,,,,,
PILI,803,Waratah2003,PILI_803,,,,,,,,,,,,,,,,,,,
PILI,804,Waratah2003,PILI_804,,,,,,,,,,,,,,,,,,,
PILI,805,Waratah2003,PILI_805,,,,,,,,,,,,,,,,,,,
PILI,807,Waratah2003,PILI_807,,,,,,,,,,,,,,,,,,,
PILI,901,Basin1981,PILI_901,103,110,140,20,2,,31,,0,,0,,,,,,,dead,
PILI,902,Basin1981,PILI_902,84,100,198,84,N/A - bn 2&3,,78,,16,,42,,,,,,,,
PILI,903,Basin1981,PILI_903,,82,90,52,2,,,,16,,35,,,,,,,,
PILI,904,Basin1981,PILI_904,61,61,92,0,N/A - above highest cut,,47,,0,,0,,,,,,,dead,
PILI,905,Basin1981,PILI_905,71,102,136,0,N/A - above highest cut,,29,,0,,0,,,,,,,dead,
PILI,906,Basin1981,PILI_906,32,43,34,9,N/A - above highest cut,,20,,0,,0,,,,,,,dead,
PILI,907,Basin1981,PILI_907,84,119,153,15,,,24,,0,,0,,,,,,,dead,
PUTU,1,Basin2005,PUTU_001,,,,,,,,,,,,,,,,,,,
PUTU,2,Basin2005,PUTU_002,,,,,,,,,,,,,,,,,,,
PUTU,3,Basin2005,PUTU_003,,,,,,,,,,,,,,,,,,,
PUTU,4,Basin2005,PUTU_004,,,,,,,,,,,,,,,,,,,
PUTU,5,Basin2005,PUTU_005,,,,,,,,,,,,,,,,,,,
PUTU,6,Basin2005,PUTU_006,,,,,,,,,,,,,,,,,,,
PUTU,7,Basin2005,PUTU_007,,,,,,,,,,,,,,,,,,,
PUTU,101,Waratah2011,PUTU_101,,,,,,,,,,,,,,,,,,,
PUTU,102,Waratah2011,PUTU_102,,,,,,,,,,,,,,,,,,,
PUTU,103,Waratah2011,PUTU_103,,,,,,,,,,,,,,,,,,,
PUTU,105,Waratah2011,PUTU_105,,,,,,,,,,,,,,,,,,,
PUTU,106,Waratah2011,PUTU_106,,,,,,,,,,,,,,,,,,,
PUTU,107,Waratah2011,PUTU_107,,,,,,,,,,,,,,,,,,,
PUTU,108,Waratah2011,PUTU_108,,,,,,,,,,,,,,,,,,,
PUTU,109,Waratah2011,PUTU_109,,,,,,,,,,,,,,,,,,,
PUTU,151,Waratah2011,PUTU_151,,,,,,,,,,,,,,,,,,,
PUTU,152,Waratah2011,PUTU_152,,,,,,,,,,,,,,,,,,,
PUTU,153,Waratah2011,PUTU_153,,,,,,,,,,,,,,,,,,,
PUTU,154,Waratah2011,PUTU_154,,,,,,,,,,,,,,,,,,,
PUTU,155,Waratah2011,PUTU_155,,,,,,,,,,,,,,,,,,,
PUTU,156,Waratah2011,PUTU_156,,,,,,,,,,,,,,,,,,,
PUTU,157,Waratah2011,PUTU_157,,,,,,,,,,,,,,,,,,,
PUTU,301,Wilunga2012,PUTU_301,80.67,191.67,60,191,1,55,,0,,155,,,,,,,,,
PUTU,302,Wilunga2012,PUTU_302,69.5,194,22,135,1,,17,,1,130,,,,,,,,,
PUTU,303,Wilunga2012,PUTU_303,89.67,416,60,278,1,58,,0,,247,,,,,,,,,
PUTU,304,Wilunga2012,PUTU_304,169.67,411.67,63,102,1,63,,0,,30,,72,,,,,,,
PUTU,305,Wilunga2012,PUTU_305,113,212,77,167,1,70,,,7,129,,47,,,,,,,
PUTU,307,Wilunga2012,PUTU_307,80,458,52,333,1,52,,0,,210,23,100,,,,,,,
PUTU,308,Wilunga2012,PUTU_308,64.33,252.33,15,215,1,13,,0,,120,,95,,,,,,,
PUTU,309,Wilunga2012,PUTU_309,64,155.667,18,106,1,13,,0,,67,,39,,,,,,,
PUTU,401,Basin2007,PUTU_401,,,,,,,,,,,,,,,,,,,
PUTU,402,Basin2007,PUTU_402,,,,,,,,,,,,,,,,,,,
PUTU,403,Basin2007,PUTU_403,,,,,,,,,,,,,,,,,,,
PUTU,404,Basin2007,PUTU_404,,,,,,,,,,,,,,,,,,,
PUTU,405,Basin2007,PUTU_405,,,,,,,,,,,,,,,,,,,
PUTU,406,Basin2007,PUTU_406,,,,,,,,,,,,,,,,,,,
PUTU,407,Basin2007,PUTU_407,,,,,,,,,,,,,,,,,,,
PUTU,801,Waratah2003,PUTU_801,,,,,,,,,,,,,,,,,,,
PUTU,802,Waratah2003,PUTU_802,,,,,,,,,,,,,,,,,,,
PUTU,803,Waratah2003,PUTU_803,,,,,,,,,,,,,,,,,,,
PUTU,804,Waratah2003,PUTU_804,,,,,,,,,,,,,,,,,,,
PUTU,805,Waratah2003,PUTU_805,,,,,,,,,,,,,,,,,,,
PUTU,806,Waratah2003,PUTU_806,,,,,,,,,,,,,,,,,,,
PUTU,807,Waratah2003,PUTU_807,,,,,,,,,,,,,,,,,,,
PUTU,902,Basin1981,PUTU_902,,,,,,,,,,,,,,,,,,,
PUTU,903,Basin1981,PUTU_903,,,,,,,,,,,,,,,,,,,
PUTU,904,Basin1981,PUTU_904,,,,,,,,,,,,,,,,,,,
PUTU,905,Basin1981,PUTU_905,,,,,,,,,,,,,,,,,,,
PUTU,906,Basin1981,PUTU_906,,,,,,,,,,,,,,,,,,,
PUTU,907,Basin1981,PUTU_907,,,,,,,,,,,,,,,,,,,
PUTU,908,Basin1981,PUTU_908,,,,,,,,,,,,,,,,,,,
