species,replicate,tag_ID,site,age,date_tagged,use_RA_calc,use_allometric
BAER,1,BAER_001,Basin2005,7,15-Mar-12,use,use
BAER,2,BAER_002,Basin2005,7,1-May-12,use,use
BAER,3,BAER_003,Basin2005,7,3-May-12,use,use
BAER,4,BAER_004,Basin2005,7,3-May-12,use,use
BAER,5,BAER_005,Basin2005,7,3-May-12,use,use
BAER,6,BAER_006,Basin2005,7,3-May-12,use,use
BAER,7,BAER_007,Basin2005,7,3-May-12,use,use
BAER,101,BAER_101,Waratah2011,1.4,3-May-12,use,use
BAER,102,BAER_102,Waratah2011,1.4,3-May-12,use,use
BAER,103,BAER_103,Waratah2011,1.4,3-May-12,use,use
BAER,104,BAER_104,Waratah2011,1.4,3-May-12,use,use
BAER,105,BAER_105,Waratah2011,1.4,4-May-12,use,use
BAER,106,BAER_106,Waratah2011,1.4,4-May-12,use,use
BAER,107,BAER_107,Waratah2011,1.4,4-May-12,use,use
BAER,401,BAER_401,Basin2007,5,20-Apr-12,use,use
BAER,402,BAER_402,Basin2007,5,20-Apr-12,use,use
BAER,403,BAER_403,Basin2007,5,26-Apr-12,use,use
BAER,404,BAER_404,Basin2007,5,26-Apr-12,use,use
BAER,405,BAER_405,Basin2007,5,27-Apr-12,use,use
BAER,406,BAER_406,Basin2007,5,27-Apr-12,use,use
BAER,407,BAER_407,Basin2007,5,27-Apr-12,use,use
BAER,801,BAER_801,Waratah2003,9,17-May-12,use,use
BAER,802,BAER_802,Waratah2003,9,17-May-12,use,use
BAER,803,BAER_803,Waratah2003,9,17-May-12,use,use
BAER,804,BAER_804,Waratah2003,9,17-May-12,use,use
BAER,805,BAER_805,Waratah2003,9,17-May-12,use,use
BAER,806,BAER_806,Waratah2003,9,17-May-12,use,use
BAER,807,BAER_807,Waratah2003,9,17-May-12,use,use
BAER,901,BAER_901,Basin1981,32,14-Jun-12,use,use
BAER,902,BAER_902,Basin1981,32,14-Jun-12,use,use
BAER,903,BAER_903,Basin1981,32,14-Jun-12,use,use
BAER,904,BAER_904,Basin1981,32,14-Jun-12,use,use
BAER,905,BAER_905,Basin1981,32,14-Jun-12,use,use
BAER,906,BAER_906,Basin1981,32,14-Jun-12,use,use
BAER,907,BAER_907,Basin1981,32,19-Jun-12,use,use
BOLE,1,BOLE_001,Basin2005,7,15-Mar-12,use,use
BOLE,2,BOLE_002,Basin2005,7,23-Mar-12,use,use
BOLE,3,BOLE_003,Basin2005,7,23-Mar-12,use,use
BOLE,4,BOLE_004,Basin2005,7,23-Mar-12,use,use
BOLE,6,BOLE_006,Basin2005,7,3-May-12,use,use
BOLE,7,BOLE_007,Basin2005,7,3-May-12,use,use
BOLE,8,BOLE_008,Basin2005,7,1-Jun-12,use,use
BOLE,101,BOLE_101,Waratah2011,1.4,4-May-12,use,use
BOLE,105,BOLE_105,Waratah2011,1.4,4-May-12,use,use
BOLE,110,BOLE_110,Waratah2011,1.4,15-Jun-12,use,use
BOLE,111,BOLE_111,Waratah2011,1.4,15-Jun-12,use,use
BOLE,112,BOLE_112,Waratah2011,1.4,15-Jun-12,use,use
BOLE,113,BOLE_113,Waratah2011,1.4,18-May-12,use,use
BOLE,114,BOLE_114,Waratah2011,1.4,9-Aug-12,use,use
BOLE,115,BOLE_115,Waratah2011,1.4,9-Aug-12,use,use
BOLE,116,BOLE_116,Waratah2011,1.4,30-Aug-12,use,use
BOLE,117,BOLE_117,Waratah2011,1.4,2-Nov-12,use,use
BOLE,119,BOLE_119,Waratah2011,1.4,29-Jun-12,use,use
BOLE,401,BOLE_401,Basin2007,5,20-Apr-12,use,use
BOLE,402,BOLE_402,Basin2007,5,20-Apr-12,use,use
BOLE,403,BOLE_403,Basin2007,5,20-Apr-12,use,use
BOLE,404,BOLE_404,Basin2007,5,26-Apr-12,use,use
BOLE,405,BOLE_405,Basin2007,5,27-Apr-12,use,use
BOLE,407,BOLE_407,Basin2007,5,27-Apr-12,use,use
BOLE,408,BOLE_408,Basin2007,5,1-Jun-12,use,use
BOLE,801,BOLE_801,Waratah2003,9,15-May-12,use,use
BOLE,802,BOLE_802,Waratah2003,9,15-May-12,use,use
BOLE,803,BOLE_803,Waratah2003,9,15-May-12,use,use
BOLE,804,BOLE_804,Waratah2003,9,15-May-12,use,use
BOLE,805,BOLE_805,Waratah2003,9,15-May-12,use,use
BOLE,806,BOLE_806,Waratah2003,9,15-May-12,use,use
BOLE,807,BOLE_807,Waratah2003,9,15-May-12,use,use
COER,1,COER_001,Basin2005,7,15-Mar-12,use,use
COER,2,COER_002,Basin2005,7,15-Mar-12,do_not_use,do_not_use
COER,3,COER_003,Basin2005,7,15-Mar-12,use,use
COER,4,COER_004,Basin2005,7,16-Mar-12,do_not_use,do_not_use
COER,5,COER_005,Basin2005,7,23-Mar-12,use,use
COER,6,COER_006,Basin2005,7,23-Mar-12,do_not_use,do_not_use
COER,7,COER_007,Basin2005,7,23-Mar-12,do_not_use,do_not_use
xx,103,COER_103,Waratah2011,1.4,9-Aug-12,do_not_use,do_not_use
xx,104,COER_104,Waratah2011,1.4,4-May-12,do_not_use,do_not_use
xx,111,COER_111,Waratah2011,1.4,15-Jun-12,do_not_use,do_not_use
xx,112,COER_112,Waratah2011,1.4,15-Jun-12,do_not_use,do_not_use
xx,115,COER_115,Waratah2011,1.4,2-Nov-12,do_not_use,do_not_use
COER,401,COER_401,Basin2007,5,27-Apr-12,use,use
COER,402,COER_402,Basin2007,5,27-Apr-12,use,use
COER,403,COER_403,Basin2007,5,27-Apr-12,use,use
COER,404,COER_404,Basin2007,5,27-Apr-12,use,use
COER,405,COER_405,Basin2007,5,27-Apr-12,use,use
COER,406,COER_406,Basin2007,5,27-Apr-12,use,use
COER,407,COER_407,Basin2007,5,27-Apr-12,use,use
COER,801,COER_801,Waratah2003,9,11-May-12,use,use
COER,802,COER_802,Waratah2003,9,11-May-12,use,use
COER,803,COER_803,Waratah2003,9,11-May-12,use,use
COER,804,COER_804,Waratah2003,9,11-May-12,use,use
COER,805,COER_805,Waratah2003,9,15-Jun-12,do_not_use,do_not_use
COER,806,COER_806,Waratah2003,9,17-May-12,use,use
COER,807,COER_807,Waratah2003,9,17-May-12,use,use
EPMI,1,EPMI_001,Basin2005,7,24-May-12,use,use
EPMI,2,EPMI_002,Basin2005,7,24-May-12,use,use
EPMI,3,EPMI_003,Basin2005,7,24-May-12,use,use
EPMI,4,EPMI_004,Basin2005,7,24-May-12,use,use
EPMI,5,EPMI_005,Basin2005,7,24-May-12,use,use
EPMI,6,EPMI_006,Basin2005,7,24-May-12,use,use
EPMI,7,EPMI_007,Basin2005,7,24-May-12,use,use
EPMI,101,EPMI_101,Waratah2011,1.4,15-Jun-12,use,use
EPMI,102,EPMI_102,Waratah2011,1.4,15-Jun-12,use,use
EPMI,104,EPMI_104,Waratah2011,1.4,15-Jun-12,use,use
EPMI,105,EPMI_105,Waratah2011,1.4,15-Jun-12,use,use
EPMI,106,EPMI_106,Waratah2011,1.4,15-Jun-12,use,use
EPMI,108,EPMI_108,Waratah2011,1.4,29-Jun-12,use,use
EPMI,109,EPMI_109,Waratah2011,1.4,2-Nov-12,use,use
EPMI,111,EPMI_111,Waratah2011,1.4,3-May-12,do_not_use,do_not_use
EPMI,112,EPMI_112,Waratah2011,1.4,3-May-12,do_not_use,do_not_use
EPMI,113,EPMI_113,Waratah2011,1.4,4-May-12,do_not_use,do_not_use
EPMI,116,EPMI_116,Waratah2011,1.4,9-Aug-12,do_not_use,do_not_use
EPMI,401,EPMI_401,Basin2007,5,1-Jun-12,use,use
EPMI,402,EPMI_402,Basin2007,5,1-Jun-12,use,use
EPMI,403,EPMI_403,Basin2007,5,1-Jun-12,use,use
EPMI,404,EPMI_404,Basin2007,5,1-Jun-12,use,use
EPMI,405,EPMI_405,Basin2007,5,1-Jun-12,use,use
EPMI,406,EPMI_406,Basin2007,5,1-Jun-12,use,use
EPMI,407,EPMI_407,Basin2007,5,1-Jun-12,use,use
EPMI,801,EPMI_801,Waratah2003,9,18-May-12,use,use
EPMI,802,EPMI_802,Waratah2003,9,18-May-12,use,use
EPMI,803,EPMI_803,Waratah2003,9,18-May-12,use,use
EPMI,804,EPMI_804,Waratah2003,9,18-May-12,use,use
EPMI,805,EPMI_805,Waratah2003,9,18-May-12,use,use
EPMI,806,EPMI_806,Waratah2003,9,18-May-12,use,use
EPMI,807,EPMI_807,Waratah2003,9,18-May-12,use,use
EPMI,808,EPMI_808,Waratah2003,9,28-Jun-12,use,use
EPMI,901,EPMI_901,Basin1981,32,31-May-12,use,use
EPMI,902,EPMI_902,Basin1981,32,7-Jun-12,use,use
EPMI,903,EPMI_903,Basin1981,32,7-Jun-12,use,use
EPMI,904,EPMI_904,Basin1981,32,7-Jun-12,use,use
EPMI,905,EPMI_905,Basin1981,32,8-Jun-12,use,use
EPMI,906,EPMI_906,Basin1981,32,8-Jun-12,use,use
EPMI,907,EPMI_907,Basin1981,32,8-Jun-12,use,use
GRBU,2,GRBU_002,Basin2005,7,16-Mar-12,use,use
GRBU,3,GRBU_003,Basin2005,7,22-Mar-12,use,use
GRBU,5,GRBU_005,Basin2005,7,22-May-12,do_not_use,do_not_use
GRBU,6,GRBU_006,Basin2005,7,23-Mar-12,do_not_use,do_not_use
GRBU,7,GRBU_007,Basin2005,7,23-Mar-12,use,use
GRBU,8,GRBU_008,Basin2005,7,23-Mar-12,use,use
GRBU,9,GRBU_009,Basin2005,7,23-Mar-12,use,use
GRBU,402,GRBU_402,Basin2007,5,27-Apr-12,use,use
GRBU,403,GRBU_403,Basin2007,5,27-Apr-12,use,use
GRBU,404,GRBU_404,Basin2007,5,27-Apr-12,use,use
GRBU,405,GRBU_405,Basin2007,5,27-Apr-12,use,use
GRBU,406,GRBU_406,Basin2007,5,27-Apr-12,use,use
GRBU,407,GRBU_407,Basin2007,5,1-May-12,use,use
GRBU,408,GRBU_408,Basin2007,5,1-May-12,use,use
GRBU,801,GRBU_801,Waratah2003,9,15-May-12,use,use
GRBU,802,GRBU_802,Waratah2003,9,15-May-12,use,use
GRBU,803,GRBU_803,Waratah2003,9,15-May-12,use,use
GRBU,804,GRBU_804,Waratah2003,9,15-May-12,use,use
GRBU,805,GRBU_805,Waratah2003,9,15-May-12,use,use
GRBU,806,GRBU_806,Waratah2003,9,15-May-12,use,use
GRBU,807,GRBU_807,Waratah2003,9,15-May-12,use,use
GRBU,901,GRBU_901,Basin1981,32,31-May-12,do_not_use,do_not_use
GRBU,902,GRBU_902,Basin1981,32,31-May-12,do_not_use,do_not_use
GRBU,903,GRBU_903,Basin1981,32,7-Jun-12,use,use
GRBU,904,GRBU_904,Basin1981,32,7-Jun-12,use,use
GRBU,905,GRBU_905,Basin1981,32,8-Jun-12,use,use
GRBU,906,GRBU_906,Basin1981,32,8-Jun-12,use,use
GRBU,907,GRBU_907,Basin1981,32,8-Jun-12,use,use
GRSP,2,GRSP_002,Basin2005,7,16-Mar-12,use,use
GRSP,3,GRSP_003,Basin2005,7,16-Mar-12,use,use
GRSP,4,GRSP_004,Basin2005,7,16-Mar-12,do_not_use,do_not_use
GRSP,5,GRSP_005,Basin2005,7,1-May-12,use,use
GRSP,6,GRSP_006,Basin2005,7,1-May-12,use,use
GRSP,7,GRSP_007,Basin2005,7,1-May-12,use,use
GRSP,9,GRSP_009,Basin2005,7,28-Jun-12,use,use
GRSP,101,GRSP_101,Waratah2011,1.4,3-May-12,use,use
GRSP,102,GRSP_102,Waratah2011,1.4,3-May-12,use,use
GRSP,103,GRSP_103,Waratah2011,1.4,3-May-12,use,use
GRSP,104,GRSP_104,Waratah2011,1.4,3-May-12,use,use
GRSP,105,GRSP_105,Waratah2011,1.4,4-May-12,use,use
GRSP,106,GRSP_106,Waratah2011,1.4,4-May-12,use,use
GRSP,107,GRSP_107,Waratah2011,1.4,4-May-12,use,use
GRSP,110,GRSP_110,Waratah2011,1.4,18-May-12,use,use
GRSP,111,GRSP_111,Waratah2011,1.4,29-Jun-12,use,use
GRSP,112,GRSP_112,Waratah2011,1.4,29-Jun-12,use,use
GRSP,114,GRSP_114,Waratah2011,1.4,29-Jun-12,use,use
GRSP,116,GRSP_116,Waratah2011,1.4,29-Jun-12,use,use
GRSP,401,GRSP_401,Basin2007,5,20-Apr-12,use,use
GRSP,402,GRSP_402,Basin2007,5,20-Apr-12,use,use
GRSP,403,GRSP_403,Basin2007,5,20-Apr-12,use,use
GRSP,404,GRSP_404,Basin2007,5,20-Apr-12,use,use
GRSP,405,GRSP_405,Basin2007,5,26-Apr-12,use,use
GRSP,406,GRSP_406,Basin2007,5,26-Apr-12,use,use
GRSP,407,GRSP_407,Basin2007,5,26-Apr-12,use,use
GRSP,408,GRSP_408,Basin2007,5,20-Apr-12,use,use
GRSP,801,GRSP_801,Waratah2003,9,11-May-12,use,use
GRSP,802,GRSP_802,Waratah2003,9,11-May-12,use,use
GRSP,803,GRSP_803,Waratah2003,9,11-May-12,use,use
GRSP,804,GRSP_804,Waratah2003,9,17-May-12,use,use
GRSP,805,GRSP_805,Waratah2003,9,17-May-12,use,use
GRSP,806,GRSP_806,Waratah2003,9,17-May-12,use,use
GRSP,807,GRSP_807,Waratah2003,9,17-May-12,use,use
GRSP,901,GRSP_901,Basin1981,32,31-May-12,do_not_use,do_not_use
GRSP,902,GRSP_902,Basin1981,32,31-May-12,do_not_use,do_not_use
GRSP,903,GRSP_903,Basin1981,32,31-May-12,use,use
GRSP,904,GRSP_904,Basin1981,32,7-Jun-12,do_not_use,do_not_use
GRSP,905,GRSP_905,Basin1981,32,8-Jun-12,use,use
GRSP,907,GRSP_907,Basin1981,32,8-Jun-12,use,use
HATE,1,HATE_001,Basin2005,7,15-Mar-12,use,use
HATE,2,HATE_002,Basin2005,7,3-May-12,use,use
HATE,3,HATE_003,Basin2005,7,3-May-12,use,use
HATE,4,HATE_004,Basin2005,7,3-May-12,use,use
HATE,5,HATE_005,Basin2005,7,3-May-12,use,use
HATE,6,HATE_006,Basin2005,7,3-May-12,use,use
HATE,7,HATE_007,Basin2005,7,3-May-12,use,use
HATE,102,HATE_102,Waratah2011,1.4,4-May-12,do_not_use,do_not_use
HATE,103,HATE_103,Waratah2011,1.4,4-May-12,use,use
HATE,104,HATE_104,Waratah2011,1.4,4-May-12,use,use
HATE,105,HATE_105,Waratah2011,1.4,4-May-12,use,use
HATE,106,HATE_106,Waratah2011,1.4,4-May-12,use,use
HATE,107,HATE_107,Waratah2011,1.4,4-May-12,use,use
HATE,108,HATE_108,Waratah2011,1.4,4-May-12,use,use
HATE,401,HATE_401,Basin2007,5,20-Apr-12,use,use
HATE,402,HATE_402,Basin2007,5,20-Apr-12,use,use
HATE,403,HATE_403,Basin2007,5,20-Apr-12,use,use
HATE,404,HATE_404,Basin2007,5,20-Apr-12,use,use
HATE,405,HATE_405,Basin2007,5,26-Apr-12,use,use
HATE,406,HATE_406,Basin2007,5,26-Apr-12,use,use
HATE,407,HATE_407,Basin2007,5,26-Apr-12,use,use
HATE,801,HATE_801,Waratah2003,9,17-May-12,use,use
HATE,802,HATE_802,Waratah2003,9,17-May-12,use,use
HATE,803,HATE_803,Waratah2003,9,17-May-12,use,use
HATE,804,HATE_804,Waratah2003,9,17-May-12,use,use
HATE,805,HATE_805,Waratah2003,9,17-May-12,use,use
HATE,806,HATE_806,Waratah2003,9,17-May-12,use,use
HATE,807,HATE_807,Waratah2003,9,17-May-12,use,use
HATE,901,HATE_901,Basin1981,32,14-Jun-12,use,use
HATE,902,HATE_902,Basin1981,32,14-Jun-12,use,use
HATE,903,HATE_903,Basin1981,32,14-Jun-12,use,use
HATE,904,HATE_904,Basin1981,32,14-Jun-12,use,use
HATE,905,HATE_905,Basin1981,32,14-Jun-12,use,use
HATE,906,HATE_906,Basin1981,32,14-Jun-12,use,use
HATE,907,HATE_907,Basin1981,32,14-Jun-12,use,use
HEPU,1,HEPU_001,Basin2005,7,15-Mar-12,use,use
HEPU,2,HEPU_002,Basin2005,7,15-Mar-12,use,use
HEPU,3,HEPU_003,Basin2005,7,15-Mar-12,do_not_use,do_not_use
HEPU,4,HEPU_004,Basin2005,7,16-Mar-12,use,use
HEPU,5,HEPU_005,Basin2005,7,16-Mar-12,do_not_use,do_not_use
HEPU,6,HEPU_006,Basin2005,7,1-May-12,use,use
HEPU,7,HEPU_007,Basin2005,7,1-May-12,use,use
HEPU,9,HEPU_009,Basin2005,7,29-Jun-12,use,use
HEPU,106,HEPU_106,Waratah2011,1.4,4-May-12,use,use
HEPU,107,HEPU_107,Waratah2011,1.4,4-May-12,use,use
HEPU,108,HEPU_108,Waratah2011,1.4,15-Jun-12,use,use
HEPU,109,HEPU_109,Waratah2011,1.4,15-Jun-12,use,use
HEPU,110,HEPU_110,Waratah2011,1.4,15-Jun-12,use,use
HEPU,111,HEPU_111,Waratah2011,1.4,15-Jun-12,use,use
HEPU,112,HEPU_112,Waratah2011,1.4,15-Jun-12,use,use
HEPU,113,HEPU_113,Waratah2011,1.4,2-Nov-12,use,use
HEPU,402,HEPU_402,Basin2007,5,20-Apr-12,use,use
HEPU,403,HEPU_403,Basin2007,5,20-Apr-12,use,use
HEPU,404,HEPU_404,Basin2007,5,26-Apr-12,use,use
HEPU,405,HEPU_405,Basin2007,5,26-Apr-12,use,use
HEPU,406,HEPU_406,Basin2007,5,26-Apr-12,use,use
HEPU,407,HEPU_407,Basin2007,5,27-Apr-12,use,use
HEPU,408,HEPU_408,Basin2007,5,1-Jun-12,use,use
HEPU,801,HEPU_801,Waratah2003,9,11-May-12,use,use
HEPU,802,HEPU_802,Waratah2003,9,11-May-12,use,use
HEPU,803,HEPU_803,Waratah2003,9,11-May-12,use,use
HEPU,804,HEPU_804,Waratah2003,9,11-May-12,use,use
HEPU,805,HEPU_805,Waratah2003,9,15-May-12,use,use
HEPU,806,HEPU_806,Waratah2003,9,15-May-12,use,use
HEPU,807,HEPU_807,Waratah2003,9,17-May-12,use,use
HEPU,901,HEPU_901,Basin1981,32,31-May-12,do_not_use,do_not_use
HEPU,902,HEPU_902,Basin1981,32,31-May-12,do_not_use,do_not_use
HEPU,903,HEPU_903,Basin1981,32,7-Jun-12,do_not_use,do_not_use
HEPU,904,HEPU_904,Basin1981,32,7-Jun-12,do_not_use,do_not_use
HEPU,905,HEPU_905,Basin1981,32,7-Jun-12,do_not_use,do_not_use
HEPU,906,HEPU_906,Basin1981,32,8-Jun-12,do_not_use,do_not_use
HEPU,907,HEPU_907,Basin1981,32,8-Jun-12,do_not_use,do_not_use
LEES,1,LEES_001,Basin2005,7,16-Mar-12,use,use
LEES,2,LEES_002,Basin2005,7,22-Mar-12,use,use
LEES,3,LEES_003,Basin2005,7,22-Mar-12,use,use
LEES,4,LEES_004,Basin2005,7,22-Mar-12,use,use
LEES,5,LEES_005,Basin2005,7,22-Mar-12,use,use
LEES,6,LEES_006,Basin2005,7,23-Mar-12,use,use
LEES,7,LEES_007,Basin2005,7,23-Mar-12,use,use
LEES,102,LEES_102,Waratah2011,1.4,3-May-12,use,use
LEES,110,LEES_110,Waratah2011,1.4,15-Jun-12,use,use
LEES,114,LEES_114,Waratah2011,1.4,9-Aug-12,use,use
LEES,401,LEES_401,Basin2007,5,20-Apr-12,use,use
LEES,402,LEES_402,Basin2007,5,20-Apr-12,use,use
LEES,403,LEES_403,Basin2007,5,20-Apr-12,use,use
LEES,404,LEES_404,Basin2007,5,26-Apr-12,use,use
LEES,405,LEES_405,Basin2007,5,27-Apr-12,use,use
LEES,406,LEES_406,Basin2007,5,27-Apr-12,use,use
LEES,407,LEES_407,Basin2007,5,27-Apr-12,use,use
LEES,801,LEES_801,Waratah2003,9,11-May-12,use,use
LEES,802,LEES_802,Waratah2003,9,11-May-12,use,use
LEES,803,LEES_803,Waratah2003,9,11-May-12,use,use
LEES,804,LEES_804,Waratah2003,9,15-May-12,use,use
LEES,805,LEES_805,Waratah2003,9,18-May-12,use,use
LEES,806,LEES_806,Waratah2003,9,18-May-12,use,use
LEES,807,LEES_807,Waratah2003,9,18-May-12,use,use
LEES,901,LEES_901,Basin1981,32,31-May-12,use,use
LEES,902,LEES_902,Basin1981,32,31-May-12,use,use
LEES,903,LEES_903,Basin1981,32,31-May-12,use,use
LEES,904,LEES_904,Basin1981,32,31-May-12,use,use
LEES,905,LEES_905,Basin1981,32,31-May-12,use,use
LEES,906,LEES_906,Basin1981,32,7-Jun-12,do_not_use,do_not_use
LEES,907,LEES_907,Basin1981,32,8-Jun-12,use,use
PELA,1,PELA_001,Basin2005,7,15-Mar-12,use,use
PELA,2,PELA_002,Basin2005,7,15-Mar-12,use,use
PELA,3,PELA_003,Basin2005,7,15-Mar-12,use,use
PELA,4,PELA_004,Basin2005,7,22-Mar-12,use,use
PELA,5,PELA_005,Basin2005,7,22-Mar-12,use,use
PELA,6,PELA_006,Basin2005,7,23-Mar-12,use,use
PELA,7,PELA_007,Basin2005,7,23-Mar-12,use,use
PELA,103,PELA_103,Waratah2011,1.4,4-May-12,use,use
PELA,104,PELA_104,Waratah2011,1.4,4-May-12,use,use
PELA,108,PELA_108,Waratah2011,1.4,4-May-12,use,use
PELA,113,PELA_113,Waratah2011,1.4,15-Jun-12,use,use
PELA,118,PELA_118,Waratah2011,1.4,30-Aug-12,use,use
PELA,120,PELA_120,Waratah2011,1.4,2-Nov-12,use,use
PELA,122,PELA_122,Waratah2011,1.4,2-Nov-12,use,use
PELA,401,PELA_401,Basin2007,5,20-Apr-12,use,use
PELA,402,PELA_402,Basin2007,5,26-Apr-12,use,use
PELA,403,PELA_403,Basin2007,5,26-Apr-12,use,use
PELA,404,PELA_404,Basin2007,5,26-Apr-12,use,use
PELA,405,PELA_405,Basin2007,5,26-Apr-12,use,use
PELA,406,PELA_406,Basin2007,5,26-Apr-12,use,use
PELA,407,PELA_407,Basin2007,5,27-Apr-12,use,use
PELA,801,PELA_801,Waratah2003,9,11-May-12,use,use
PELA,802,PELA_802,Waratah2003,9,11-May-12,use,use
PELA,803,PELA_803,Waratah2003,9,11-May-12,use,use
PELA,804,PELA_804,Waratah2003,9,15-May-12,use,use
PELA,805,PELA_805,Waratah2003,9,15-May-12,use,use
PELA,806,PELA_806,Waratah2003,9,17-May-12,use,use
PELA,807,PELA_807,Waratah2003,9,17-May-12,use,use
PELA,901,PELA_901,Basin1981,32,8-Jun-12,use,use
PELA,902,PELA_902,Basin1981,32,8-Jun-12,use,use
PELA,903,PELA_903,Basin1981,32,14-Jun-12,use,use
PELA,904,PELA_904,Basin1981,32,14-Jun-12,use,use
PELA,905,PELA_905,Basin1981,32,14-Jun-12,use,use
PELA,906,PELA_906,Basin1981,32,14-Jun-12,use,use
PELA,907,PELA_907,Basin1981,32,14-Jun-12,use,use
PEPU,1,PEPU_001,Basin2005,7,15-Mar-12,use,use
PEPU,2,PEPU_002,Basin2005,7,15-Mar-12,use,use
PEPU,3,PEPU_003,Basin2005,7,16-Mar-12,use,use
PEPU,4,PEPU_004,Basin2005,7,16-Mar-12,use,use
PEPU,5,PEPU_005,Basin2005,7,22-Mar-12,use,use
PEPU,6,PEPU_006,Basin2005,7,22-Mar-12,use,use
PEPU,7,PEPU_007,Basin2005,7,22-Mar-12,use,use
PEPU,158,PEPU_158,Waratah2011,1.4,18-Jun-12,do_not_use,do_not_use
PEPU,401,PEPU_401,Basin2007,5,20-Apr-12,use,use
PEPU,403,PEPU_403,Basin2007,5,26-Apr-12,use,use
PEPU,404,PEPU_404,Basin2007,5,26-Apr-12,use,use
PEPU,405,PEPU_405,Basin2007,5,26-Apr-12,use,use
PEPU,406,PEPU_406,Basin2007,5,27-Apr-12,use,use
PEPU,407,PEPU_407,Basin2007,5,27-Apr-12,use,use
PEPU,801,PEPU_801,Waratah2003,9,11-May-12,use,use
PEPU,802,PEPU_802,Waratah2003,9,11-May-12,use,use
PEPU,803,PEPU_803,Waratah2003,9,11-May-12,use,use
PEPU,804,PEPU_804,Waratah2003,9,11-May-12,use,use
PEPU,805,PEPU_805,Waratah2003,9,17-May-12,use,use
PEPU,806,PEPU_806,Waratah2003,9,17-May-12,use,use
PEPU,807,PEPU_807,Waratah2003,9,18-May-12,use,use
PEPU,901,PEPU_901,Basin1981,32,31-May-12,use,use
PEPU,902,PEPU_902,Basin1981,32,31-May-12,use,use
PEPU,903,PEPU_903,Basin1981,32,31-May-12,use,use
PEPU,904,PEPU_904,Basin1981,32,31-May-12,use,use
PEPU,905,PEPU_905,Basin1981,32,8-Jun-12,use,use
PEPU,906,PEPU_906,Basin1981,32,8-Jun-12,use,use
PEPU,907,PEPU_907,Basin1981,32,8-Jun-12,use,use
PHPH,1,PHPH_001,Basin2005,7,15-Mar-12,use,use
PHPH,2,PHPH_002,Basin2005,7,16-Mar-12,use,use
PHPH,3,PHPH_003,Basin2005,7,16-Mar-12,use,use
PHPH,4,PHPH_004,Basin2005,7,22-Mar-12,use,use
PHPH,5,PHPH_005,Basin2005,7,22-Mar-12,use,use
PHPH,6,PHPH_006,Basin2005,7,22-Mar-12,use,use
PHPH,7,PHPH_007,Basin2005,7,23-Mar-12,use,use
xx,101,PHPH_101,Waratah2011,1.4,3-May-12,do_not_use,do_not_use
xx,103,PHPH_103,Waratah2011,1.4,3-May-12,do_not_use,do_not_use
xx,104,PHPH_104,Waratah2011,1.4,3-May-12,do_not_use,do_not_use
xx,111,PHPH_111,Waratah2011,1.4,30-Aug-12,do_not_use,do_not_use
xx,112,PHPH_112,Waratah2011,1.4,2-Nov-12,do_not_use,do_not_use
PHPH,401,PHPH_401,Basin2007,5,27-Apr-12,use,use
PHPH,402,PHPH_402,Basin2007,5,27-Apr-12,use,use
PHPH,403,PHPH_403,Basin2007,5,27-Apr-12,use,use
PHPH,404,PHPH_404,Basin2007,5,27-Apr-12,use,use
PHPH,405,PHPH_405,Basin2007,5,27-Apr-12,use,use
PHPH,406,PHPH_406,Basin2007,5,27-Apr-12,use,use
PHPH,407,PHPH_407,Basin2007,5,27-Apr-12,use,use
PHPH,801,PHPH_801,Waratah2003,9,11-May-12,use,use
PHPH,802,PHPH_802,Waratah2003,9,11-May-12,use,use
PHPH,803,PHPH_803,Waratah2003,9,11-May-12,use,use
PHPH,804,PHPH_804,Waratah2003,9,11-May-12,use,use
PHPH,805,PHPH_805,Waratah2003,9,15-May-12,use,use
PHPH,806,PHPH_806,Waratah2003,9,17-May-12,use,use
PHPH,807,PHPH_807,Waratah2003,9,17-May-12,use,use
PHPH,902,PHPH_902,Basin1981,32,31-May-12,use,use
PHPH,903,PHPH_903,Basin1981,32,31-May-12,use,use
PHPH,904,PHPH_904,Basin1981,32,31-May-12,use,use
PHPH,905,PHPH_905,Basin1981,32,7-Jun-12,use,use
PHPH,906,PHPH_906,Basin1981,32,7-Jun-12,use,use
PHPH,907,PHPH_907,Basin1981,32,8-Jun-12,use,use
PHPH,908,PHPH_908,Basin1981,32,7-Aug-12,use,use
PILI,1,PILI_001,Basin2005,7,15-Mar-12,use,use
PILI,2,PILI_002,Basin2005,7,16-Mar-12,use,use
PILI,3,PILI_003,Basin2005,7,16-Mar-12,use,use
PILI,4,PILI_004,Basin2005,7,16-Mar-12,use,use
PILI,5,PILI_005,Basin2005,7,22-Mar-12,use,use
PILI,6,PILI_006,Basin2005,7,22-Mar-12,use,use
PILI,7,PILI_007,Basin2005,7,23-Mar-12,use,use
PILI,102,PILI_102,Waratah2011,1.4,4-May-12,use,use
PILI,105,PILI_105,Waratah2011,1.4,4-May-12,use,use
PILI,107,PILI_107,Waratah2011,1.4,4-May-12,use,use
PILI,108,PILI_108,Waratah2011,1.4,15-Jun-12,use,use
PILI,109,PILI_109,Waratah2011,1.4,15-Jun-12,use,use
PILI,110,PILI_110,Waratah2011,1.4,15-Jun-12,use,use
PILI,111,PILI_111,Waratah2011,1.4,30-Aug-12,use,use
PILI,401,PILI_401,Basin2007,5,20-Apr-12,use,use
PILI,402,PILI_402,Basin2007,5,20-Apr-12,use,use
PILI,403,PILI_403,Basin2007,5,20-Apr-12,use,use
PILI,404,PILI_404,Basin2007,5,26-Apr-12,use,use
PILI,405,PILI_405,Basin2007,5,26-Apr-12,use,use
PILI,406,PILI_406,Basin2007,5,26-Apr-12,use,use
PILI,407,PILI_407,Basin2007,5,27-Apr-12,use,use
PILI,801,PILI_801,Waratah2003,9,17-May-12,do_not_use,do_not_use
PILI,802,PILI_802,Waratah2003,9,15-May-12,do_not_use,do_not_use
PILI,803,PILI_803,Waratah2003,9,15-May-12,use,use
PILI,804,PILI_804,Waratah2003,9,17-May-12,use,use
PILI,805,PILI_805,Waratah2003,9,17-May-12,use,use
PILI,807,PILI_807,Waratah2003,9,18-May-12,do_not_use,do_not_use
PILI,901,PILI_901,Basin1981,32,7-Jun-12,do_not_use,do_not_use
PILI,902,PILI_902,Basin1981,32,7-Jun-12,do_not_use,do_not_use
PILI,903,PILI_903,Basin1981,32,14-Jun-12,do_not_use,do_not_use
PILI,904,PILI_904,Basin1981,32,28-Jun-12,do_not_use,do_not_use
PILI,905,PILI_905,Basin1981,32,28-Jun-12,do_not_use,do_not_use
PILI,906,PILI_906,Basin1981,32,28-Jun-12,do_not_use,do_not_use
PILI,907,PILI_907,Basin1981,32,28-Jun-12,do_not_use,do_not_use
PUTU,1,PUTU_001,Basin2005,7,15-Mar-12,use,use
PUTU,2,PUTU_002,Basin2005,7,1-May-12,use,use
PUTU,3,PUTU_003,Basin2005,7,3-May-12,use,use
PUTU,4,PUTU_004,Basin2005,7,3-May-12,use,use
PUTU,5,PUTU_005,Basin2005,7,3-May-12,use,use
PUTU,6,PUTU_006,Basin2005,7,3-May-12,use,use
PUTU,7,PUTU_007,Basin2005,7,3-May-12,use,use
PUTU,101,PUTU_101,Waratah2011,1.4,4-May-12,use,use
PUTU,102,PUTU_102,Waratah2011,1.4,4-May-12,use,use
PUTU,103,PUTU_103,Waratah2011,1.4,4-May-12,use,use
PUTU,105,PUTU_105,Waratah2011,1.4,4-May-12,use,use
PUTU,106,PUTU_106,Waratah2011,1.4,4-May-12,use,use
PUTU,107,PUTU_107,Waratah2011,1.4,4-May-12,use,use
PUTU,108,PUTU_108,Waratah2011,1.4,9-Aug-12,use,use
PUTU,109,PUTU_109,Waratah2011,1.4,30-Aug-12,use,use
PUTU,401,PUTU_401,Basin2007,5,26-Apr-12,use,use
PUTU,402,PUTU_402,Basin2007,5,26-Apr-12,use,use
PUTU,403,PUTU_403,Basin2007,5,26-Apr-12,use,use
PUTU,404,PUTU_404,Basin2007,5,26-Apr-12,use,use
PUTU,405,PUTU_405,Basin2007,5,26-Apr-12,use,use
PUTU,406,PUTU_406,Basin2007,5,26-Apr-12,use,use
PUTU,407,PUTU_407,Basin2007,5,27-Apr-12,use,use
PUTU,801,PUTU_801,Waratah2003,9,11-May-12,use,use
PUTU,802,PUTU_802,Waratah2003,9,11-May-12,use,use
PUTU,803,PUTU_803,Waratah2003,9,11-May-12,use,use
PUTU,804,PUTU_804,Waratah2003,9,15-May-12,use,use
PUTU,805,PUTU_805,Waratah2003,9,15-May-12,use,use
PUTU,806,PUTU_806,Waratah2003,9,15-May-12,use,use
PUTU,807,PUTU_807,Waratah2003,9,15-May-12,use,use
PUTU,902,PUTU_902,Basin1981,32,7-Jun-12,use,use
PUTU,903,PUTU_903,Basin1981,32,7-Jun-12,use,use
PUTU,904,PUTU_904,Basin1981,32,7-Jun-12,use,use
PUTU,905,PUTU_905,Basin1981,32,7-Jun-12,use,use
PUTU,906,PUTU_906,Basin1981,32,7-Jun-12,use,use
PUTU,907,PUTU_907,Basin1981,32,8-Jun-12,use,use
PUTU,908,PUTU_908,Basin1981,32,7-Aug-12,use,use
BAER,151,BAER_151,Waratah2011,2.4,14-Jun-13,use,use
BAER,152,BAER_152,Waratah2011,2.4,14-Jun-13,use,use
BAER,153,BAER_153,Waratah2011,2.4,14-Jun-13,use,use
BAER,154,BAER_154,Waratah2011,2.4,14-Jun-13,use,use
BAER,155,BAER_155,Waratah2011,2.4,14-Jun-13,use,use
BAER,156,BAER_156,Waratah2011,2.4,14-Jun-13,use,use
BAER,157,BAER_157,Waratah2011,2.4,18-Jun-13,use,use
BAER,301,BAER_301,Wilunga2012,1.35,18-Jun-13,use,use
BAER,302,BAER_302,Wilunga2012,1.35,18-Jun-13,use,use
BAER,303,BAER_303,Wilunga2012,1.35,18-Jun-13,use,use
BAER,306,BAER_306,Wilunga2012,1.35,18-Jun-13,use,use
BAER,308,BAER_308,Wilunga2012,1.35,18-Jun-13,use,use
BAER,309,BAER_309,Wilunga2012,1.35,27-Jun-13,use,use
BAER,311,BAER_311,Wilunga2012,1.35,27-Jun-13,use,use
BAER,315,BAER_315,Wilunga2012,1.35,27-Jun-13,use,use
BAER,B-01,BAER_B-01,baby,0.1,28-Jun-13,do_not_use,use
BAER,B-02,BAER_B-02,baby,0.1,28-Jun-13,do_not_use,use
BAER,B-03,BAER_B-03,baby,0.1,28-Jun-13,do_not_use,use
BAER,B-04,BAER_B-04,baby,0.1,28-Jun-13,do_not_use,use
BAER ,B-05,BAER_B-05,baby,0.1,28-Jun-13,do_not_use,use
BAER,B-06,BAER_B-06,baby,0.1,28-Jun-13,do_not_use,use
BAER,B-09,BAER_B-09,baby,0.1,22-Jan-14,do_not_use,use
BAER,B-099,BAER_B-099,baby,0.1,22-Jan-14,do_not_use,use
BAER,B-10,BAER_B-10,baby,0.1,22-Jan-14,do_not_use,use
BOLE,151,BOLE_151,Waratah2011,2.4,14-Jun-13,use,use
BOLE,152,BOLE_152,Waratah2011,2.4,14-Jun-13,use,use
BOLE,153,BOLE_153,Waratah2011,2.4,14-Jun-13,use,use
BOLE,154,BOLE_154,Waratah2011,2.4,14-Jun-13,use,use
BOLE,155,BOLE_155,Waratah2011,2.4,14-Jun-13,use,use
BOLE,156,BOLE_156,Waratah2011,2.4,14-Jun-13,use,use
BOLE,157,BOLE_157,Waratah2011,2.4,14-Jun-13,use,use
BOLE,303,BOLE_303,Wilunga2012,1.35,18-Jun-13,use,use
BOLE,305,BOLE_305,Wilunga2012,1.35,18-Jun-13,use,use
BOLE,306,BOLE_306,Wilunga2012,1.35,18-Jun-13,use,use
BOLE,307,BOLE_307,Wilunga2012,1.35,27-Jun-13,use,use
BOLE,308,BOLE_308,Wilunga2012,1.35,27-Jun-13,use,use
BOLE,313,BOLE_313,Wilunga2012,1.35,27-Jun-13,use,use
BOLE,316,BOLE_316,Wilunga2012,1.35,27-Jun-13,use,use
BOLE,317,BOLE_317,Wilunga2012,1.35,28-Jun-13,use,use
BOLE,B-01,BOLE_B-01,baby,0.1,28-Jun-13,do_not_use,use
BOLE,B-02,BOLE_B-02,baby,0.1,28-Jun-13,do_not_use,use
BOLE,B-03,BOLE_B-03,baby,0.1,28-Jun-13,do_not_use,use
BOLE,B-04,BOLE_B-04,baby,0.1,28-Jun-13,do_not_use,use
BOLE,B-07,BOLE_B-07,baby,0.1,22-Jan-14,do_not_use,use
BOLE,B-08,BOLE_B-08,baby,0.1,22-Jan-14,do_not_use,use
BOLE,B-10,BOLE_B-10,baby,0.1,22-Jan-14,do_not_use,use
COER,152,COER_152,Waratah2011,2.4,14-Jun-13,use,use
COER,153,COER_153,Waratah2011,2.4,14-Jun-13,use,use
COER,154,COER_154,Waratah2011,2.4,14-Jun-13,use,use
COER,156,COER_156,Waratah2011,2.4,14-Jun-13,use,use
COER,157,COER_157,Waratah2011,2.4,14-Jun-13,use,use
COER,158,COER_158,Waratah2011,2.4,14-Jun-13,use,use
COER,159,COER_159,Waratah2011,2.4,14-Jun-13,use,use
COER,159b,COER_159b,Waratah2011,2.4,18-Jun-13,use,use
COER,160,COER_160,Waratah2011,1.4,21-Jan-14,do_not_use,do_not_use
COER,321,COER_321,Wilunga2012,1.35,3-Sep-13,use,use
COER,322,COER_322,Wilunga2012,1.35,3-Sep-13,use,use
COER,324,COER_324,Wilunga2012,1.35,3-Sep-13,use,use
COER,327,COER_327,Wilunga2012,1.35,3-Sep-13,use,use
COER,B-01,COER_B-01,baby,0.1,22-Jan-14,do_not_use,use
COER,B-02,COER_B-02,baby,0.1,22-Jan-14,do_not_use,use
COER,B-03,COER_B-03,baby,0.1,22-Jan-14,do_not_use,use
COER,B-04,COER_B-04,baby,0.1,22-Jan-14,do_not_use,use
COER,B-05,COER_B-05,baby,0.1,27-Jan-14,do_not_use,use
COER,B-06,COER_B-06,baby,0.1,27-Jan-14,do_not_use,use
EPMI,151,EPMI_151,Waratah2011,2.4,14-Jun-13,use,use
EPMI,152,EPMI_152,Waratah2011,2.4,14-Jun-13,use,use
EPMI,153,EPMI_153,Waratah2011,2.4,14-Jun-13,use,use
EPMI,154,EPMI_154,Waratah2011,2.4,14-Jun-13,use,use
EPMI,155,EPMI_155,Waratah2011,2.4,14-Jun-13,use,use
EPMI,156,EPMI_156,Waratah2011,2.4,18-Jun-13,use,use
EPMI,157,EPMI_157,Waratah2011,2.4,18-Jun-13,use,use
EPMI,302,EPMI_302,Wilunga2012,1.35,27-Jun-13,use,use
EPMI,304,EPMI_304,Wilunga2012,1.35,27-Jun-13,use,use
EPMI,307,EPMI_307,Wilunga2012,1.35,28-Jun-13,use,use
EPMI,310,EPMI_310,Wilunga2012,1.35,28-Jun-13,use,use
EPMI,311,EPMI_311,Wilunga2012,1.35,28-Jun-13,use,use
EPMI,312,EPMI_312,Wilunga2012,1.35,28-Jun-13,use,use
EPMI,313,EPMI_313,Wilunga2012,1.35,28-Jun-13,use,use
EPMI,314,EPMI_314,Wilunga2012,1.35,28-Jun-13,use,use
EPMI,B-01,EPMI_B-01,baby,0.1,27-Jan-14,do_not_use,use
EPMI,B-02,EPMI_B-02,baby,0.1,27-Jan-14,do_not_use,use
EPMI,B-03,EPMI_B-03,baby,0.1,27-Jan-14,do_not_use,use
EPMI,B-04,EPMI_B-04,baby,0.1,27-Jan-14,do_not_use,use
GRBU,151,GRBU_151,Waratah2011,2.4,18-Jun-13,use,use
GRBU,152,GRBU_152,Waratah2011,2.4,18-Jun-13,use,use
GRBU,153,GRBU_153,Waratah2011,2.4,18-Jun-13,use,use
GRBU,155,GRBU_155,Waratah2011,1.4,21-Jan-14,do_not_use,do_not_use
GRBU,156,GRBU_156,Waratah2011,2.4,18-Jun-13,use,use
GRBU,157,GRBU_157,Waratah2011,2.4,18-Jun-13,use,use
GRBU,305,GRBU_305,Wilunga2012,1.35,27-Jun-13,use,use
GRBU,306,GRBU_306,Wilunga2012,1.35,27-Jun-13,use,use
GRBU,307,GRBU_307,Wilunga2012,1.35,27-Jun-13,use,use
GRBU,308,GRBU_308,Wilunga2012,1.35,27-Jun-13,use,use
GRBU,310,GRBU_310,Wilunga2012,1.35,27-Jun-13,use,use
GRBU,311,GRBU_311,Wilunga2012,1.35,27-Jun-13,use,use
GRBU,312,GRBU_312,Wilunga2012,1.35,27-Jun-13,use,use
GRBU,313,GRBU_313,Wilunga2012,1.35,27-Jun-13,use,use
GRBU,B-01,GRBU_B-01,baby,0.1,28-Jun-13,do_not_use,use
GRBU,B-02,GRBU_B-02,baby,0.1,28-Jun-13,do_not_use,use
GRBU,B-03,GRBU_B-03,baby,0.1,28-Jun-13,do_not_use,use
GRBU,B-04,GRBU_B-04,baby,0.1,28-Jun-13,do_not_use,use
GRSP,151,GRSP_151,Waratah2011,2.4,14-Jun-13,use,use
GRSP,152,GRSP_152,Waratah2011,2.4,14-Jun-13,use,use
GRSP,153,GRSP_153,Waratah2011,2.4,14-Jun-13,use,use
GRSP,154,GRSP_154,Waratah2011,2.4,18-Jun-13,use,use
GRSP,155,GRSP_155,Waratah2011,2.4,18-Jun-13,use,use
GRSP,156,GRSP_156,Waratah2011,2.4,18-Jun-13,use,use
GRSP,157,GRSP_157,Waratah2011,2.4,18-Jun-13,use,use
GRSP,301,GRSP_301,Wilunga2012,1.35,18-Jun-13,use,use
GRSP,302,GRSP_302,Wilunga2012,1.35,18-Jun-13,use,use
GRSP,306,GRSP_306,Wilunga2012,1.35,18-Jun-13,use,use
GRSP,307,GRSP_307,Wilunga2012,1.35,27-Jun-13,use,use
GRSP,312,GRSP_312,Wilunga2012,1.35,27-Jun-13,use,use
GRSP,314,GRSP_314,Wilunga2012,1.35,27-Jun-13,use,use
GRSP,315,GRSP_315,Wilunga2012,1.35,27-Jun-13,use,use
GRSP,316,GRSP_316,Wilunga2012,1.35,27-Jun-13,use,use
GRSP,B-01,GRSP_B-01,baby,0.1,28-Jun-13,do_not_use,use
GRSP,B-02,GRSP_B-02,baby,0.1,28-Jun-13,do_not_use,use
GRSP,B-03,GRSP_B-03,baby,0.1,28-Jun-13,do_not_use,use
GRSP,B-04,GRSP_B-04,baby,0.1,28-Jun-13,do_not_use,use
GRSP,B-05,GRSP_B-05,baby,0.1,28-Jun-13,do_not_use,use
HATE ,161,HATE _161,Waratah2011,2.4,3-Sep-13,use,use
HATE,151,HATE_151,Waratah2011,2.4,14-Jun-13,use,use
HATE,152,HATE_152,Waratah2011,2.4,14-Jun-13,do_not_use,do_not_use
HATE,153,HATE_153,Waratah2011,2.4,14-Jun-13,use,use
HATE,154,HATE_154,Waratah2011,2.4,18-Jun-13,use,use
HATE,155,HATE_155,Waratah2011,2.4,18-Jun-13,use,use
HATE,156,HATE_156,Waratah2011,2.4,18-Jun-13,use,use
HATE,157,HATE_157,Waratah2011,2.4,18-Jun-13,use,use
HATE,302,HATE_302,Wilunga2012,1.35,18-Jun-13,use,use
HATE,304,HATE_304,Wilunga2012,1.35,18-Jun-13,use,use
HATE,305,HATE_305,Wilunga2012,1,3-Oct-13,do_not_use,do_not_use
HATE,306,HATE_306,Wilunga2012,1.35,18-Jun-13,use,use
HATE,307,HATE_307,Wilunga2012,1.35,18-Jun-13,use,use
HATE,308,HATE_308,Wilunga2012,1.35,18-Jun-13,use,use
HATE,310,HATE_310,Wilunga2012,1.35,27-Jun-13,use,use
HATE,311,HATE_311,Wilunga2012,1.35,27-Jun-13,use,use
HATE,312,HATE_312,Wilunga2012,1.35,27-Jun-13,use,use
HATE,B-01,HATE_B-01,baby,0.1,28-Jun-13,do_not_use,use
HATE,B-02,HATE_B-02,baby,0.1,28-Jun-13,do_not_use,use
HATE,B-03,HATE_B-03,baby,0.1,28-Jun-13,do_not_use,use
HATE,B-04,HATE_B-04,baby,0.1,28-Jun-13,do_not_use,use
HATE,B-05,HATE_B-05,baby,0.1,28-Jun-13,do_not_use,use
HATE,B-06,HATE_B-06,baby,0.1,28-Jun-13,do_not_use,use
HEPU,151,HEPU_151,Waratah2011,2.4,13-Jun-13,use,use
HEPU,152,HEPU_152,Waratah2011,2.4,13-Jun-13,use,use
HEPU,153,HEPU_153,Waratah2011,2.4,13-Jun-13,use,use
HEPU,154,HEPU_154,Waratah2011,2.4,13-Jun-13,use,use
HEPU,155,HEPU_155,Waratah2011,2.4,14-Jun-13,use,use
HEPU,156,HEPU_156,Waratah2011,2.4,14-Jun-13,use,use
HEPU,157,HEPU_157,Waratah2011,2.4,14-Jun-13,use,use
HEPU,B-01,HEPU_B-01,baby,0.1,22-Jan-14,do_not_use,use
HEPU,B-02,HEPU_B-02,baby,0.1,22-Jan-14,do_not_use,use
HEPU,B-03,HEPU_B-03,baby,0.1,22-Jan-14,do_not_use,use
HEPU,B-04,HEPU_B-04,baby,0.1,22-Jan-14,do_not_use,use
LEES,151,LEES_151,Waratah2011,1.4,21-Jan-14,do_not_use,do_not_use
LEES,152,LEES_152,Waratah2011,2.4,14-Jun-13,use,use
LEES,153,LEES_153,Waratah2011,2.4,14-Jun-13,use,use
LEES,155,LEES_155,Waratah2011,2.4,14-Jun-13,use,use
LEES,156,LEES_156,Waratah2011,2.4,18-Jun-13,use,use
LEES,157,LEES_157,Waratah2011,2.4,18-Jun-13,use,use
LEES,B-01,LEES_B-01,baby,0.1,22-Jan-14,do_not_use,use
LEES,B-02,LEES_B-02,baby,0.1,22-Jan-14,do_not_use,use
LEES,B-03,LEES_B-03,baby,0.1,22-Jan-14,do_not_use,use
LEES,B-04,LEES_B-04,baby,0.1,22-Jan-14,do_not_use,use
LEES,B-06,LEES_B-06,baby,0.1,27-Jan-14,do_not_use,use
LEES,B-07,LEES_B-07,baby,0.1,22-Jan-14,do_not_use,use
LEES,B-08,LEES_B-08,baby,0.1,22-Jan-14,do_not_use,use
LEES,B-09,LEES_B-09,baby,0.1,22-Jan-14,do_not_use,use
PELA,151,PELA_151,Waratah2011,2.4,14-Jun-13,use,use
PELA,152,PELA_152,Waratah2011,2.4,14-Jun-13,use,use
PELA,153,PELA_153,Waratah2011,2.4,18-Jun-13,use,use
PELA,154,PELA_154,Waratah2011,2.4,18-Jun-13,do_not_use,do_not_use
PELA,155,PELA_155,Waratah2011,2.4,18-Jun-13,use,use
PELA,156,PELA_156,Waratah2011,2.4,18-Jun-13,use,use
PELA,157,PELA_157,Waratah2011,2.4,18-Jun-13,use,use
PELA,158,PELA_158,Waratah2011,2.4,18-Jun-13,use,use
PELA,161,PELA_161,Waratah2011,2.4,20-Sep-13,use,use
PELA,162,PELA_162,Waratah2011,2.4,20-Sep-13,use,use
PELA,301,PELA_301,Wilunga2012,1.35,27-Jun-13,use,use
PELA,302,PELA_302,Wilunga2012,1.35,27-Jun-13,use,use
PELA,303,PELA_303,Wilunga2012,1.35,27-Jun-13,use,use
PELA,305,PELA_305,Wilunga2012,1.35,27-Jun-13,use,use
PELA,306,PELA_306,Wilunga2012,1.35,27-Jun-13,use,use
PELA,308,PELA_308,Wilunga2012,1.35,27-Jun-13,use,use
PELA,309,PELA_309,Wilunga2012,1,3-Oct-13,do_not_use,do_not_use
PELA,321,PELA_321,Wilunga2012,1.35,3-Sep-13,use,use
PELA,322,PELA_322,Wilunga2012,1.35,3-Sep-13,use,use
PELA,B-01,PELA_B-01,baby,0.1,22-Jan-14,do_not_use,use
PELA,B-02,PELA_B-02,baby,0.1,22-Jan-14,do_not_use,use
PELA,B-03,PELA_B-03,baby,0.1,22-Jan-14,do_not_use,use
PELA,B-05,PELA_B-05,baby,0.1,27-Jan-14,do_not_use,use
PELA,B-06,PELA_B-06,baby,0.1,27-Jan-14,do_not_use,use
PELA,B-07,PELA_B-07,baby,0.1,27-Jan-14,do_not_use,use
PEPU,151,PEPU_151,Waratah2011,2.4,14-Jun-13,use,use
PEPU,152,PEPU_152,Waratah2011,2.4,14-Jun-13,use,use
PEPU,153,PEPU_153,Waratah2011,2.4,14-Jun-13,use,use
PEPU,154,PEPU_154,Waratah2011,2.4,14-Jun-13,use,use
PEPU,155,PEPU_155,Waratah2011,2.4,14-Jun-13,use,use
PEPU,156,PEPU_156,Waratah2011,2.4,14-Jun-13,use,use
PEPU,157,PEPU_157,Waratah2011,2.4,18-Jun-13,use,use
PEPU,158,PEPU_158,Waratah2011,1.4,20-Sep-13,do_not_use,do_not_use
PEPU,158,PEPU_158,Waratah2011,2.4,18-Jun-13,do_not_use,do_not_use
PEPU,301,PEPU_301,Wilunga2012,1.35,18-Jun-13,use,use
PEPU,302,PEPU_302,Wilunga2012,1.35,18-Jun-13,use,use
PEPU,303,PEPU_303,Wilunga2012,1.35,18-Jun-13,use,use
PEPU,305,PEPU_305,Wilunga2012,1.35,18-Jun-13,use,use
PEPU,307,PEPU_307,Wilunga2012,1.35,18-Jun-13,use,use
PEPU,310,PEPU_310,Wilunga2012,1.35,27-Jun-13,use,use
PEPU,313,PEPU_313,Wilunga2012,1.35,27-Jun-13,use,use
PEPU,313,PEPU_313b,Wilunga2012,1,28-Nov-13,do_not_use,do_not_use
PEPU,315,PEPU_315,Wilunga2012,1.35,27-Jun-13,use,use
PEPU,B-01,PEPU_B-01,baby,0.1,28-Jun-13,do_not_use,use
PEPU,B-02,PEPU_B-02,baby,0.1,28-Jun-13,do_not_use,use
PEPU,B-03,PEPU_B-03,baby,0.1,28-Jun-13,do_not_use,use
PEPU,B-07,PEPU_B-07,baby,0.1,22-Jan-14,do_not_use,use
PEPU,B-08,PEPU_B-08,baby,0.1,22-Jan-14,do_not_use,use
PHPH,161,PHPH_161,Waratah2011,2.4,3-Sep-13,use,use
PHPH,162,PHPH_162,Waratah2011,2.4,3-Sep-13,use,use
PHPH,163,PHPH_163,Waratah2011,2.4,3-Sep-13,use,use
PHPH,164,PHPH_164,Waratah2011,2.4,3-Sep-13,use,use
PHPH,165,PHPH_165,Waratah2011,2.4,3-Sep-13,use,use
PHPH,166,PHPH_166,Waratah2011,2.4,3-Sep-13,use,use
PHPH,167,PHPH_167,Waratah2011,2.4,3-Sep-13,use,use
PILI,151,PILI_151,Waratah2011,2.4,14-Jun-13,use,use
PILI,152,PILI_152,Waratah2011,2.4,14-Jun-13,use,use
PILI,153,PILI_153,Waratah2011,2.4,18-Jun-13,use,use
PILI,154,PILI_154,Waratah2011,2.4,18-Jun-13,use,use
PILI,155,PILI_155,Waratah2011,2.4,18-Jun-13,use,use
PILI,161,PILI_161,Waratah2011,2.4,3-Sep-13,use,use
PILI,303,PILI_303,Wilunga2012,1.35,27-Jun-13,use,use
PILI,304,PILI_304,Wilunga2012,1.35,27-Jun-13,use,use
PILI,305,PILI_305,Wilunga2012,1.35,27-Jun-13,use,use
PILI,306,PILI_306,Wilunga2012,1.35,27-Jun-13,use,use
PILI,310,PILI_310,Wilunga2012,1.35,27-Jun-13,use,use
PILI,312,PILI_312,Wilunga2012,1.35,27-Jun-13,use,use
PILI,313,PILI_313,Wilunga2012,1.35,28-Jun-13,use,use
PILI,316,PILI_316,Wilunga2012,1.35,28-Jun-13,use,use
PILI,B-01,PILI_B-01,baby,0.1,22-Jan-14,do_not_use,use
PILI,B-02,PILI_B-02,baby,0.1,27-Jan-14,do_not_use,use
PILI,B-03,PILI_B-03,baby,0.1,27-Jan-14,do_not_use,use
PILI,B-04,PILI_B-04,baby,0.1,27-Jan-14,do_not_use,use
PILI,B-05,PILI_B-05,baby,0.1,27-Jan-14,do_not_use,use
PILI,B-06,PILI_B-06,baby,0.1,27-Jan-14,do_not_use,use
PUTU,151,PUTU_151,Waratah2011,2.4,14-Jun-13,use,use
PUTU,152,PUTU_152,Waratah2011,2.4,14-Jun-13,use,use
PUTU,153,PUTU_153,Waratah2011,2.4,14-Jun-13,use,use
PUTU,154,PUTU_154,Waratah2011,2.4,14-Jun-13,use,use
PUTU,155,PUTU_155,Waratah2011,2.4,14-Jun-13,use,use
PUTU,156,PUTU_156,Waratah2011,2.4,14-Jun-13,use,use
PUTU,157,PUTU_157,Waratah2011,2.4,18-Jun-13,use,use
PUTU,301,PUTU_301,Wilunga2012,1.35,18-Jun-13,use,use
PUTU,302,PUTU_302,Wilunga2012,1.35,18-Jun-13,use,use
PUTU,303,PUTU_303,Wilunga2012,1.35,18-Jun-13,use,use
PUTU,304,PUTU_304,Wilunga2012,1.35,18-Jun-13,use,use
PUTU,305,PUTU_305,Wilunga2012,1.35,18-Jun-13,use,use
PUTU,307,PUTU_307,Wilunga2012,1.35,18-Jun-13,use,use
PUTU,308,PUTU_308,Wilunga2012,1.35,27-Jun-13,use,use
PUTU,309,PUTU_309,Wilunga2012,1.35,27-Jun-13,use,use
PUTU,B-01,PUTU_B-01,baby,0.1,28-Jun-13,do_not_use,use
PUTU,B-02,PUTU_B-02,baby,0.1,28-Jun-13,do_not_use,use
PUTU,B-03,PUTU_B-03,baby,0.1,28-Jun-13,do_not_use,use
PUTU,B-04,PUTU_B-04,baby,0.1,28-Jun-13,do_not_use,use
PUTU,B-05,PUTU_B-05,baby,0.1,28-Jun-13,do_not_use,use
BAER,201,BAER_201,Bobbin2010,2,10-May-12,do_not_use,do_not_use
BAER,202,BAER_202,Bobbin2010,2,10-May-12,do_not_use,do_not_use
BAER,203,BAER_203,Bobbin2010,2,10-May-12,do_not_use,do_not_use
BAER,203b,BAER_203b,Bobbin2010,2,10-May-12,do_not_use,do_not_use
BAER,204,BAER_204,Bobbin2010,2,10-May-12,do_not_use,do_not_use
BAER,205,BAER_205,Bobbin2010,2,10-May-12,do_not_use,do_not_use
BAER,206,BAER_206,Bobbin2010,2,10-May-12,do_not_use,do_not_use
BAER,207,BAER_207,Bobbin2010,2,25-May-12,do_not_use,do_not_use
BOLE,201,BOLE_201,Bobbin2010,2,25-May-12,do_not_use,do_not_use
BOLE,202,BOLE_202,Bobbin2010,2,25-May-12,do_not_use,do_not_use
BOLE,203,BOLE_203,Bobbin2010,2,25-May-12,do_not_use,do_not_use
BOLE,204,BOLE_204,Bobbin2010,2,25-May-12,do_not_use,do_not_use
BOLE,205,BOLE_205,Bobbin2010,2,25-May-12,do_not_use,do_not_use
BOLE,206,BOLE_206,Bobbin2010,2,25-May-12,do_not_use,do_not_use
BOLE,207,BOLE_207,Bobbin2010,2,25-May-12,do_not_use,do_not_use
EPMI,207,EPMI_L207,Bobbin2010,2,25-May-12,do_not_use,do_not_use
EPMI,208,EPMI_L208,Bobbin2010,2,26-Jun-12,do_not_use,do_not_use
EPMI,209,EPMI_L209,Bobbin2010,2,26-Jun-12,do_not_use,do_not_use
GRBU,202,GRBU_202,Bobbin2010,2,10-May-12,do_not_use,do_not_use
GRBU,203,GRBU_203,Bobbin2010,2,10-May-12,do_not_use,do_not_use
GRBU,204,GRBU_204,Bobbin2010,2,10-May-12,do_not_use,do_not_use
GRBU,205,GRBU_205,Bobbin2010,2,10-May-12,do_not_use,do_not_use
GRBU,206,GRBU_206,Bobbin2010,2,25-May-12,do_not_use,do_not_use
GRBU,207,GRBU_207,Bobbin2010,2,26-Jun-12,do_not_use,do_not_use
GRBU,208,GRBU_208,Bobbin2010,2,26-Jun-12,do_not_use,do_not_use
GRSP,201,GRSP_201,Bobbin2010,2,10-May-12,do_not_use,do_not_use
GRSP,201b,GRSP_201b_ex_GRBU,Bobbin2010,2,10-May-12,do_not_use,do_not_use
GRSP,203,GRSP_203,Bobbin2010,2,10-May-12,do_not_use,do_not_use
GRSP,204,GRSP_204,Bobbin2010,2,10-May-12,do_not_use,do_not_use
GRSP,205,GRSP_205,Bobbin2010,2,10-May-12,do_not_use,do_not_use
GRSP,206,GRSP_206,Bobbin2010,2,25-May-12,do_not_use,do_not_use
GRSP,207,GRSP_207,Bobbin2010,2,25-May-12,do_not_use,do_not_use
GRSP,208,GRSP_208,Bobbin2010,2,25-May-12,do_not_use,do_not_use
HEPU,201,HEPU_201,Bobbin2010,2,10-May-12,do_not_use,do_not_use
HEPU,202,HEPU_202,Bobbin2010,2,10-May-12,do_not_use,do_not_use
HEPU,203,HEPU_203,Bobbin2010,2,10-May-12,do_not_use,do_not_use
HEPU,205,HEPU_205,Bobbin2010,2,25-May-12,do_not_use,do_not_use
HEPU,206,HEPU_206,Bobbin2010,2,25-May-12,do_not_use,do_not_use
HEPU,207,HEPU_207,Bobbin2010,2,25-May-12,do_not_use,do_not_use
HEPU,204,HEPU_C204,Bobbin2010,2,10-May-12,do_not_use,do_not_use
HEPU,205,HEPU_C205,Bobbin2010,2,10-May-12,do_not_use,do_not_use
LEES,201,LEES_201,Bobbin2010,2,10-May-12,do_not_use,do_not_use
LEES,202,LEES_202,Bobbin2010,2,10-May-12,do_not_use,do_not_use
LEES,204,LEES_204,Bobbin2010,2,10-May-12,do_not_use,do_not_use
LEES,205,LEES_205,Bobbin2010,2,10-May-12,do_not_use,do_not_use
LEES,206,LEES_206,Bobbin2010,2,10-May-12,do_not_use,do_not_use
PEPU,201,PEPU_201,Bobbin2010,2,10-May-12,do_not_use,do_not_use
PEPU,202,PEPU_202,Bobbin2010,2,10-May-12,do_not_use,do_not_use
PEPU,203,PEPU_203,Bobbin2010,2,10-May-12,do_not_use,do_not_use
PEPU,204,PEPU_204,Bobbin2010,2,25-May-12,do_not_use,do_not_use
PEPU,205,PEPU_205,Bobbin2010,2,25-May-12,do_not_use,do_not_use
PEPU,206,PEPU_206,Bobbin2010,2,25-May-12,do_not_use,do_not_use
PEPU,208,PEPU_208,Bobbin2010,2,16-Oct-12,do_not_use,do_not_use
PHPH,201,PHPH_201,Bobbin2010,2,10-May-12,do_not_use,do_not_use
PHPH,202,PHPH_202,Bobbin2010,2,10-May-12,do_not_use,do_not_use
PHPH,203,PHPH_203,Bobbin2010,2,10-May-12,do_not_use,do_not_use
PHPH,204,PHPH_204,Bobbin2010,2,10-May-12,do_not_use,do_not_use
PHPH,205,PHPH_205,Bobbin2010,2,10-May-12,do_not_use,do_not_use
PHPH,206,PHPH_206,Bobbin2010,2,10-May-12,do_not_use,do_not_use
PHPH,207,PHPH_207,Bobbin2010,2,10-May-12,do_not_use,do_not_use
PILI,201,PILI_201,Bobbin2010,2,10-May-12,do_not_use,do_not_use
PILI,202,PILI_202,Bobbin2010,2,10-May-12,do_not_use,do_not_use
PILI,203,PILI_203,Bobbin2010,2,10-May-12,do_not_use,do_not_use
PILI,204,PILI_204,Bobbin2010,2,10-May-12,do_not_use,do_not_use
PILI,205,PILI_205,Bobbin2010,2,25-May-12,do_not_use,do_not_use
PILI,206,PILI_206,Bobbin2010,2,25-May-12,do_not_use,do_not_use
PILI,207,PILI_207,Bobbin2010,2,25-May-12,do_not_use,do_not_use
PUTU,201,PUTU_201,Bobbin2010,2,10-May-12,do_not_use,do_not_use
PUTU,202,PUTU_202,Bobbin2010,2,10-May-12,do_not_use,do_not_use
PUTU,203,PUTU_203,Bobbin2010,2,10-May-12,do_not_use,do_not_use
PUTU,204,PUTU_204,Bobbin2010,2,10-May-12,do_not_use,do_not_use
PUTU,205,PUTU_205,Bobbin2010,2,10-May-12,do_not_use,do_not_use
PUTU,206,PUTU_206,Bobbin2010,2,10-May-12,do_not_use,do_not_use
PUTU,207,PUTU_207,Bobbin2010,2,10-May-12,do_not_use,do_not_use
GRBU,103,GRBU_103,Waratah2011,1.4,13-Jun-12,do_not_use,do_not_use
GRBU,105,GRBU_105,Waratah2011,1.4,13-Jun-12,do_not_use,do_not_use
GRBU,107,GRBU_107,Waratah2011,1.4,13-Jun-12,do_not_use,do_not_use
PEPU,101,PEPU_101,Waratah2011,1.4,15-Jun-12,do_not_use,do_not_use
,,,,,,,
,,,,,,,
,,,,,,,
,,,,,,,
,,,,,,,
,,,,,,,
,,,,,,,
,,,,,,,
,,,,,,,
,,,,,,,
,,,,,,,
,,,,,,,
,,,,,,,
,,,,,,,
,,,,,,,
,,,,,,,
,,,,,,,
,,,,,,,
,,,,,,,
,,,,,,,
,,,,,,,
,,,,,,,
,,,,,,,
,,,,,,,
,,,,,,,
,,,,,,,
,,,,,,,
,,,,,,,
,,,,,,,
,,,,,,,
,,,,,,,
,,,,,,,
,,,,,,,
,,,,,,,
,,,,,,,
,,,,,,,
,,,,,,,
,,,,,,,
,,,,,,,
,,,,,,,
,,,,,,,
,,,,,,,
,,,,,,,
,,,,,,,
,,,,,,,
,,,,,,,
,,,,,,,
,,,,,,,
,,,,,,,
,,,,,,,
,,,,,,,
,,,,,,,
,,,,,,,
,,,,,,,
,,,,,,,
,,,,,,,
,,,,,,,
,,,,,,,
,,,,,,,
,,,,,,,
,,,,,,,
,,,,,,,
,,,,,,,
,,,,,,,
,,,,,,,
,,,,,,,
,,,,,,,
,,,,,,,
,,,,,,,
,,,,,,,
